<?xml version="1.0" encoding="UTF-8"?>
<metadata xml:lang="it"><Esri><CreaDate>20160714</CreaDate><CreaTime>16162300</CreaTime><ArcGISFormat>1.0</ArcGISFormat><SyncOnce>FALSE</SyncOnce><DataProperties><lineage><Process ToolSource="c:\program files (x86)\arcgis\desktop10.2\ArcToolbox\Toolboxes\Data Management Tools.tbx\CalculateField" Date="20160714" Time="161623">CalculateField "Limiti Amministrativi con aggiornamento Dbt-PGT 2015\Comuni\Tutti i Comuni" NOME_COM "CASTRO" VB #</Process><Process ToolSource="c:\program files (x86)\arcgis\desktop10.2\ArcToolbox\Toolboxes\Data Management Tools.tbx\CalculateField" Date="20161011" Time="110109">CalculateField "Limiti Amministrativi con aggiornamento Dbt-PGT 2016\Tutti i Comuni" NOME_COM "[NOME_COM] = "vezza d'oglio" &amp; "edolo" &amp; "paiasco laveno"" VB #</Process><Process ToolSource="c:\program files (x86)\arcgis\desktop10.4\ArcToolbox\Toolboxes\Data Management Tools.tbx\TruncateTable" Date="20161011" Time="112048">TruncateTable "Database Connections\GEODB-PUB@WIZ_U32WG.sde\WIZ_U32WG.VS_DBEXT_UTM_COM_EXT_CR"</Process><Process ToolSource="c:\program files (x86)\arcgis\desktop10.2\ArcToolbox\Toolboxes\Data Management Tools.tbx\CalculateField" Date="20170405" Time="173755">CalculateField WIZ_U32WG.VS_DBEXT_UTM_COM_EXT_CR NOME_COM "SERMIDE" VB #</Process><Process ToolSource="c:\program files (x86)\arcgis\desktop10.2\ArcToolbox\Toolboxes\Data Management Tools.tbx\CalculateField" Date="20170411" Time="120342">CalculateField WIZ_U32WG.VS_DBEXT_UTM_COM_EXT_CR NOME_COM "SERMIDE E FELONICA" VB #</Process><Process ToolSource="c:\program files (x86)\arcgis\desktop10.2\ArcToolbox\Toolboxes\Data Management Tools.tbx\CalculateField" Date="20170418" Time="155403">CalculateField "Limiti Amministrativi con aggiornamento Dbt-PGT 2015\Comuni\Tutti i Comuni" NOME_PRO ""COMO" &amp;"LECCO" &amp;"VARESE"" VB #</Process><Process ToolSource="c:\program files (x86)\arcgis\desktop10.2\ArcToolbox\Toolboxes\Data Management Tools.tbx\CalculateField" Date="20170419" Time="112131">CalculateField WIZ_U32WG.VS_DBEXT_UTM_COM_EXT_CR NOME_PRO "BERGAMO" VB #</Process><Process ToolSource="c:\program files (x86)\arcgis\desktop10.2\ArcToolbox\Toolboxes\Data Management Tools.tbx\CalculateField" Date="20170419" Time="112210">CalculateField WIZ_U32WG.VS_DBEXT_UTM_COM_EXT_CR NOME_PRO "BRESCIA" VB #</Process><Process ToolSource="c:\program files (x86)\arcgis\desktop10.2\ArcToolbox\Toolboxes\Data Management Tools.tbx\CalculateField" Date="20170419" Time="112251">CalculateField WIZ_U32WG.VS_DBEXT_UTM_COM_EXT_CR NOME_PRO "COMO" VB #</Process><Process ToolSource="c:\program files (x86)\arcgis\desktop10.2\ArcToolbox\Toolboxes\Data Management Tools.tbx\CalculateField" Date="20170419" Time="112323">CalculateField WIZ_U32WG.VS_DBEXT_UTM_COM_EXT_CR NOME_PRO "CREMONA" VB #</Process><Process ToolSource="c:\program files (x86)\arcgis\desktop10.2\ArcToolbox\Toolboxes\Data Management Tools.tbx\CalculateField" Date="20170419" Time="112353">CalculateField WIZ_U32WG.VS_DBEXT_UTM_COM_EXT_CR NOME_PRO "LECCO" VB #</Process><Process ToolSource="c:\program files (x86)\arcgis\desktop10.2\ArcToolbox\Toolboxes\Data Management Tools.tbx\CalculateField" Date="20170419" Time="112416">CalculateField WIZ_U32WG.VS_DBEXT_UTM_COM_EXT_CR NOME_PRO "LODI" VB #</Process><Process ToolSource="c:\program files (x86)\arcgis\desktop10.2\ArcToolbox\Toolboxes\Data Management Tools.tbx\CalculateField" Date="20170419" Time="112447">CalculateField WIZ_U32WG.VS_DBEXT_UTM_COM_EXT_CR NOME_PRO "MONZA E DELLA BRIANZA" VB #</Process><Process ToolSource="c:\program files (x86)\arcgis\desktop10.2\ArcToolbox\Toolboxes\Data Management Tools.tbx\CalculateField" Date="20170419" Time="112519">CalculateField WIZ_U32WG.VS_DBEXT_UTM_COM_EXT_CR NOME_PRO "MILANO" VB #</Process><Process ToolSource="c:\program files (x86)\arcgis\desktop10.2\ArcToolbox\Toolboxes\Data Management Tools.tbx\CalculateField" Date="20170419" Time="112546">CalculateField WIZ_U32WG.VS_DBEXT_UTM_COM_EXT_CR NOME_PRO "MANTOVA" VB #</Process><Process ToolSource="c:\program files (x86)\arcgis\desktop10.2\ArcToolbox\Toolboxes\Data Management Tools.tbx\CalculateField" Date="20170419" Time="112633">CalculateField WIZ_U32WG.VS_DBEXT_UTM_COM_EXT_CR NOME_PRO "PAVIA" VB #</Process><Process ToolSource="c:\program files (x86)\arcgis\desktop10.2\ArcToolbox\Toolboxes\Data Management Tools.tbx\CalculateField" Date="20170419" Time="112700">CalculateField WIZ_U32WG.VS_DBEXT_UTM_COM_EXT_CR SIG_PRO "SONDRIO" VB #</Process><Process ToolSource="c:\program files (x86)\arcgis\desktop10.2\ArcToolbox\Toolboxes\Data Management Tools.tbx\CalculateField" Date="20170419" Time="112717">CalculateField WIZ_U32WG.VS_DBEXT_UTM_COM_EXT_CR SIG_PRO "SO" VB #</Process><Process ToolSource="c:\program files (x86)\arcgis\desktop10.2\ArcToolbox\Toolboxes\Data Management Tools.tbx\CalculateField" Date="20170419" Time="112725">CalculateField WIZ_U32WG.VS_DBEXT_UTM_COM_EXT_CR NOME_PRO "SONDRIO" VB #</Process><Process ToolSource="c:\program files (x86)\arcgis\desktop10.2\ArcToolbox\Toolboxes\Data Management Tools.tbx\CalculateField" Date="20170419" Time="112748">CalculateField WIZ_U32WG.VS_DBEXT_UTM_COM_EXT_CR NOME_PRO "VARESE" VB #</Process><Process ToolSource="c:\program files (x86)\arcgis\desktop10.2\ArcToolbox\Toolboxes\Data Management Tools.tbx\CalculateField" Date="20170908" Time="091919">CalculateField WIZ_U32WG.VS_DBEXT_UTM_COM_EXT_CR COD_ISTATN ""030"&amp; [COD_ISTATN]" VB #</Process><Process ToolSource="c:\program files (x86)\arcgis\desktop10.2\ArcToolbox\Toolboxes\Data Management Tools.tbx\CalculateField" Date="20170908" Time="093418">CalculateField WIZ_U32WG.VS_DBEXT_UTM_COM_EXT_CR ISTAT Mid( [ISTAT],2,6 ) VB #</Process><Process ToolSource="c:\program files (x86)\arcgis\desktop10.2\ArcToolbox\Toolboxes\Data Management Tools.tbx\CalculateField" Date="20170908" Time="093443">CalculateField WIZ_U32WG.VS_DBEXT_UTM_COM_EXT_CR ISTAT Mid( [ISTAT],2,6 ) VB #</Process><Process ToolSource="c:\program files (x86)\arcgis\desktop10.2\ArcToolbox\Toolboxes\Data Management Tools.tbx\CalculateField" Date="20170908" Time="093507">CalculateField WIZ_U32WG.VS_DBEXT_UTM_COM_EXT_CR ISTAT Mid( [ISTAT],2,6 ) VB #</Process><Process ToolSource="c:\program files (x86)\arcgis\desktop10.2\ArcToolbox\Toolboxes\Data Management Tools.tbx\CalculateField" Date="20170908" Time="094015">CalculateField WIZ_U32WG.VS_DBEXT_UTM_COM_EXT_CR COD_ISTATN ""03"&amp; [ISTAT]" VB #</Process><Process ToolSource="c:\program files (x86)\arcgis\desktop10.2\ArcToolbox\Toolboxes\Data Management Tools.tbx\TruncateTable" Date="20180123" Time="125205">TruncateTable "C:\Users\Andrea Zanin\AppData\Roaming\ESRI\Desktop10.2\ArcCatalog\WIZU32WG@GEODB-PUB.sde\WIZ_U32WG.VS_DBEXT_UTM_COM_EXT_CR"</Process><Process ToolSource="c:\program files (x86)\arcgis\desktop10.2\ArcToolbox\Toolboxes\Data Management Tools.tbx\Append" Date="20180123" Time="125216">Append 'C:\Users\Andrea Zanin\AppData\Roaming\ESRI\Desktop10.2\ArcCatalog\HUB_UTM@GEODB-GEST.sde\HUB_UTM.VS_DBEXT_UTM_COM_EXT_CR' "C:\Users\Andrea Zanin\AppData\Roaming\ESRI\Desktop10.2\ArcCatalog\WIZU32WG@GEODB-PUB.sde\WIZ_U32WG.VS_DBEXT_UTM_COM_EXT_CR" NO_TEST "CLASSREF "CLASSREF" true false false 70 Text 0 0 ,First,#,C:\Users\Andrea Zanin\AppData\Roaming\ESRI\Desktop10.2\ArcCatalog\WIZU32WG@GEODB-PUB.sde\WIZ_U32WG.VS_DBEXT_UTM_COM_EXT_CR,CLASSREF,-1,-1,C:\Users\Andrea Zanin\AppData\Roaming\ESRI\Desktop10.2\ArcCatalog\HUB_UTM@GEODB-GEST.sde\HUB_UTM.VS_DBEXT_UTM_COM_EXT_CR,CLASSREF,-1,-1;BELFIORE "BELFIORE" true false false 40 Text 0 0 ,First,#,C:\Users\Andrea Zanin\AppData\Roaming\ESRI\Desktop10.2\ArcCatalog\WIZU32WG@GEODB-PUB.sde\WIZ_U32WG.VS_DBEXT_UTM_COM_EXT_CR,BELFIORE,-1,-1,C:\Users\Andrea Zanin\AppData\Roaming\ESRI\Desktop10.2\ArcCatalog\HUB_UTM@GEODB-GEST.sde\HUB_UTM.VS_DBEXT_UTM_COM_EXT_CR,BELFIORE,-1,-1;COD_ISTATN "COD_ISTATN" true false false 16 Text 0 0 ,First,#,C:\Users\Andrea Zanin\AppData\Roaming\ESRI\Desktop10.2\ArcCatalog\WIZU32WG@GEODB-PUB.sde\WIZ_U32WG.VS_DBEXT_UTM_COM_EXT_CR,COD_ISTATN,-1,-1,C:\Users\Andrea Zanin\AppData\Roaming\ESRI\Desktop10.2\ArcCatalog\HUB_UTM@GEODB-GEST.sde\HUB_UTM.VS_DBEXT_UTM_COM_EXT_CR,COD_ISTATN,-1,-1;NOME_COM "NOME_COM" true false false 100 Text 0 0 ,First,#,C:\Users\Andrea Zanin\AppData\Roaming\ESRI\Desktop10.2\ArcCatalog\WIZU32WG@GEODB-PUB.sde\WIZ_U32WG.VS_DBEXT_UTM_COM_EXT_CR,NOME_COM,-1,-1,C:\Users\Andrea Zanin\AppData\Roaming\ESRI\Desktop10.2\ArcCatalog\HUB_UTM@GEODB-GEST.sde\HUB_UTM.VS_DBEXT_UTM_COM_EXT_CR,NOME_COM,-1,-1;COD_PRO "COD_PRO" true true false 2 Short 0 5 ,First,#,C:\Users\Andrea Zanin\AppData\Roaming\ESRI\Desktop10.2\ArcCatalog\WIZU32WG@GEODB-PUB.sde\WIZ_U32WG.VS_DBEXT_UTM_COM_EXT_CR,COD_PRO,-1,-1,C:\Users\Andrea Zanin\AppData\Roaming\ESRI\Desktop10.2\ArcCatalog\HUB_UTM@GEODB-GEST.sde\HUB_UTM.VS_DBEXT_UTM_COM_EXT_CR,COD_PRO,-1,-1;NOME_PRO "NOME_PRO" true true false 40 Text 0 0 ,First,#,C:\Users\Andrea Zanin\AppData\Roaming\ESRI\Desktop10.2\ArcCatalog\WIZU32WG@GEODB-PUB.sde\WIZ_U32WG.VS_DBEXT_UTM_COM_EXT_CR,NOME_PRO,-1,-1,C:\Users\Andrea Zanin\AppData\Roaming\ESRI\Desktop10.2\ArcCatalog\HUB_UTM@GEODB-GEST.sde\HUB_UTM.VS_DBEXT_UTM_COM_EXT_CR,NOME_PRO,-1,-1;SIG_PRO "SIG_PRO" true true false 2 Text 0 0 ,First,#,C:\Users\Andrea Zanin\AppData\Roaming\ESRI\Desktop10.2\ArcCatalog\WIZU32WG@GEODB-PUB.sde\WIZ_U32WG.VS_DBEXT_UTM_COM_EXT_CR,SIG_PRO,-1,-1,C:\Users\Andrea Zanin\AppData\Roaming\ESRI\Desktop10.2\ArcCatalog\HUB_UTM@GEODB-GEST.sde\HUB_UTM.VS_DBEXT_UTM_COM_EXT_CR,SIG_PRO,-1,-1;COD_CMO "COD_CMO" true false false 70 Text 0 0 ,First,#,C:\Users\Andrea Zanin\AppData\Roaming\ESRI\Desktop10.2\ArcCatalog\WIZU32WG@GEODB-PUB.sde\WIZ_U32WG.VS_DBEXT_UTM_COM_EXT_CR,COD_CMO,-1,-1,C:\Users\Andrea Zanin\AppData\Roaming\ESRI\Desktop10.2\ArcCatalog\HUB_UTM@GEODB-GEST.sde\HUB_UTM.VS_DBEXT_UTM_COM_EXT_CR,COD_CMO,-1,-1;NOME_CMO "NOME_CMO" true true false 50 Text 0 0 ,First,#,C:\Users\Andrea Zanin\AppData\Roaming\ESRI\Desktop10.2\ArcCatalog\WIZU32WG@GEODB-PUB.sde\WIZ_U32WG.VS_DBEXT_UTM_COM_EXT_CR,NOME_CMO,-1,-1,C:\Users\Andrea Zanin\AppData\Roaming\ESRI\Desktop10.2\ArcCatalog\HUB_UTM@GEODB-GEST.sde\HUB_UTM.VS_DBEXT_UTM_COM_EXT_CR,NOME_CMO,-1,-1;COD_ASL "COD_ASL" true true false 4 Long 0 5 ,First,#,C:\Users\Andrea Zanin\AppData\Roaming\ESRI\Desktop10.2\ArcCatalog\WIZU32WG@GEODB-PUB.sde\WIZ_U32WG.VS_DBEXT_UTM_COM_EXT_CR,COD_ASL,-1,-1,C:\Users\Andrea Zanin\AppData\Roaming\ESRI\Desktop10.2\ArcCatalog\HUB_UTM@GEODB-GEST.sde\HUB_UTM.VS_DBEXT_UTM_COM_EXT_CR,COD_ASL,-1,-1;NOME_ASL "NOME_ASL" true true false 40 Text 0 0 ,First,#,C:\Users\Andrea Zanin\AppData\Roaming\ESRI\Desktop10.2\ArcCatalog\WIZU32WG@GEODB-PUB.sde\WIZ_U32WG.VS_DBEXT_UTM_COM_EXT_CR,NOME_ASL,-1,-1,C:\Users\Andrea Zanin\AppData\Roaming\ESRI\Desktop10.2\ArcCatalog\HUB_UTM@GEODB-GEST.sde\HUB_UTM.VS_DBEXT_UTM_COM_EXT_CR,NOME_ASL,-1,-1;COD_REG "COD_REG" true true false 50 Text 0 0 ,First,#,C:\Users\Andrea Zanin\AppData\Roaming\ESRI\Desktop10.2\ArcCatalog\WIZU32WG@GEODB-PUB.sde\WIZ_U32WG.VS_DBEXT_UTM_COM_EXT_CR,COD_REG,-1,-1,C:\Users\Andrea Zanin\AppData\Roaming\ESRI\Desktop10.2\ArcCatalog\HUB_UTM@GEODB-GEST.sde\HUB_UTM.VS_DBEXT_UTM_COM_EXT_CR,COD_REG,-1,-1;NOME_REG "NOME_REG" true true false 40 Text 0 0 ,First,#,C:\Users\Andrea Zanin\AppData\Roaming\ESRI\Desktop10.2\ArcCatalog\WIZU32WG@GEODB-PUB.sde\WIZ_U32WG.VS_DBEXT_UTM_COM_EXT_CR,NOME_REG,-1,-1,C:\Users\Andrea Zanin\AppData\Roaming\ESRI\Desktop10.2\ArcCatalog\HUB_UTM@GEODB-GEST.sde\HUB_UTM.VS_DBEXT_UTM_COM_EXT_CR,NOME_REG,-1,-1;ANNO "ANNO" true true false 2 Short 0 4 ,First,#,C:\Users\Andrea Zanin\AppData\Roaming\ESRI\Desktop10.2\ArcCatalog\WIZU32WG@GEODB-PUB.sde\WIZ_U32WG.VS_DBEXT_UTM_COM_EXT_CR,ANNO,-1,-1,C:\Users\Andrea Zanin\AppData\Roaming\ESRI\Desktop10.2\ArcCatalog\HUB_UTM@GEODB-GEST.sde\HUB_UTM.VS_DBEXT_UTM_COM_EXT_CR,ANNO,-1,-1;ISTAT "ISTAT" true true false 4 Long 0 10 ,First,#,C:\Users\Andrea Zanin\AppData\Roaming\ESRI\Desktop10.2\ArcCatalog\WIZU32WG@GEODB-PUB.sde\WIZ_U32WG.VS_DBEXT_UTM_COM_EXT_CR,ISTAT,-1,-1,C:\Users\Andrea Zanin\AppData\Roaming\ESRI\Desktop10.2\ArcCatalog\HUB_UTM@GEODB-GEST.sde\HUB_UTM.VS_DBEXT_UTM_COM_EXT_CR,ISTAT,-1,-1;LEGGE_ISTITUTIVA "LEGGE_ISTITUTIVA" true true false 100 Text 0 0 ,First,#,C:\Users\Andrea Zanin\AppData\Roaming\ESRI\Desktop10.2\ArcCatalog\WIZU32WG@GEODB-PUB.sde\WIZ_U32WG.VS_DBEXT_UTM_COM_EXT_CR,LEGGE_ISTITUTIVA,-1,-1;SHAPE_AREA "SHAPE_AREA" false false true 0 Double 0 0 ,First,#,C:\Users\Andrea Zanin\AppData\Roaming\ESRI\Desktop10.2\ArcCatalog\WIZU32WG@GEODB-PUB.sde\WIZ_U32WG.VS_DBEXT_UTM_COM_EXT_CR,SHAPE.AREA,-1,-1;SHAPE_LEN "SHAPE_LEN" false false true 0 Double 0 0 ,First,#,C:\Users\Andrea Zanin\AppData\Roaming\ESRI\Desktop10.2\ArcCatalog\WIZU32WG@GEODB-PUB.sde\WIZ_U32WG.VS_DBEXT_UTM_COM_EXT_CR,SHAPE.LEN,-1,-1" #</Process><Process ToolSource="c:\program files (x86)\arcgis\desktop10.2\ArcToolbox\Toolboxes\Data Management Tools.tbx\CalculateField" Date="20180207" Time="100347">CalculateField "Limiti Amministrativi con aggiornamento Dbt-PGT 2015\Comuni\Tutti i Comuni" NOME_PRO "[NOME_COM] =lodi" VB #</Process><Process ToolSource="c:\program files (x86)\arcgis\desktop10.2\ArcToolbox\Toolboxes\Data Management Tools.tbx\TruncateTable" Date="20180213" Time="121818">TruncateTable "C:\Users\Andrea Zanin\AppData\Roaming\ESRI\Desktop10.2\ArcCatalog\WIZU32WG@GEODB-PUB.sde\WIZ_U32WG.VS_DBEXT_UTM_COM_EXT_CR"</Process><Process ToolSource="c:\program files (x86)\arcgis\desktop10.2\ArcToolbox\Toolboxes\Data Management Tools.tbx\Append" Date="20180213" Time="121821">Append 'C:\Users\Andrea Zanin\AppData\Roaming\ESRI\Desktop10.2\ArcCatalog\HUB_UTM@GEODB-GEST.sde\HUB_UTM.VS_DBEXT_UTM_COM_EXT_CR' "C:\Users\Andrea Zanin\AppData\Roaming\ESRI\Desktop10.2\ArcCatalog\WIZU32WG@GEODB-PUB.sde\WIZ_U32WG.VS_DBEXT_UTM_COM_EXT_CR" NO_TEST "CLASSREF "CLASSREF" true false false 70 Text 0 0 ,First,#,C:\Users\Andrea Zanin\AppData\Roaming\ESRI\Desktop10.2\ArcCatalog\WIZU32WG@GEODB-PUB.sde\WIZ_U32WG.VS_DBEXT_UTM_COM_EXT_CR,CLASSREF,-1,-1,C:\Users\Andrea Zanin\AppData\Roaming\ESRI\Desktop10.2\ArcCatalog\HUB_UTM@GEODB-GEST.sde\HUB_UTM.VS_DBEXT_UTM_COM_EXT_CR,CLASSREF,-1,-1;BELFIORE "BELFIORE" true false false 40 Text 0 0 ,First,#,C:\Users\Andrea Zanin\AppData\Roaming\ESRI\Desktop10.2\ArcCatalog\WIZU32WG@GEODB-PUB.sde\WIZ_U32WG.VS_DBEXT_UTM_COM_EXT_CR,BELFIORE,-1,-1,C:\Users\Andrea Zanin\AppData\Roaming\ESRI\Desktop10.2\ArcCatalog\HUB_UTM@GEODB-GEST.sde\HUB_UTM.VS_DBEXT_UTM_COM_EXT_CR,BELFIORE,-1,-1;COD_ISTATN "COD_ISTATN" true false false 16 Text 0 0 ,First,#,C:\Users\Andrea Zanin\AppData\Roaming\ESRI\Desktop10.2\ArcCatalog\WIZU32WG@GEODB-PUB.sde\WIZ_U32WG.VS_DBEXT_UTM_COM_EXT_CR,COD_ISTATN,-1,-1,C:\Users\Andrea Zanin\AppData\Roaming\ESRI\Desktop10.2\ArcCatalog\HUB_UTM@GEODB-GEST.sde\HUB_UTM.VS_DBEXT_UTM_COM_EXT_CR,COD_ISTATN,-1,-1;NOME_COM "NOME_COM" true false false 100 Text 0 0 ,First,#,C:\Users\Andrea Zanin\AppData\Roaming\ESRI\Desktop10.2\ArcCatalog\WIZU32WG@GEODB-PUB.sde\WIZ_U32WG.VS_DBEXT_UTM_COM_EXT_CR,NOME_COM,-1,-1,C:\Users\Andrea Zanin\AppData\Roaming\ESRI\Desktop10.2\ArcCatalog\HUB_UTM@GEODB-GEST.sde\HUB_UTM.VS_DBEXT_UTM_COM_EXT_CR,NOME_COM,-1,-1;COD_PRO "COD_PRO" true true false 2 Short 0 5 ,First,#,C:\Users\Andrea Zanin\AppData\Roaming\ESRI\Desktop10.2\ArcCatalog\WIZU32WG@GEODB-PUB.sde\WIZ_U32WG.VS_DBEXT_UTM_COM_EXT_CR,COD_PRO,-1,-1,C:\Users\Andrea Zanin\AppData\Roaming\ESRI\Desktop10.2\ArcCatalog\HUB_UTM@GEODB-GEST.sde\HUB_UTM.VS_DBEXT_UTM_COM_EXT_CR,COD_PRO,-1,-1;NOME_PRO "NOME_PRO" true true false 40 Text 0 0 ,First,#,C:\Users\Andrea Zanin\AppData\Roaming\ESRI\Desktop10.2\ArcCatalog\WIZU32WG@GEODB-PUB.sde\WIZ_U32WG.VS_DBEXT_UTM_COM_EXT_CR,NOME_PRO,-1,-1,C:\Users\Andrea Zanin\AppData\Roaming\ESRI\Desktop10.2\ArcCatalog\HUB_UTM@GEODB-GEST.sde\HUB_UTM.VS_DBEXT_UTM_COM_EXT_CR,NOME_PRO,-1,-1;SIG_PRO "SIG_PRO" true true false 2 Text 0 0 ,First,#,C:\Users\Andrea Zanin\AppData\Roaming\ESRI\Desktop10.2\ArcCatalog\WIZU32WG@GEODB-PUB.sde\WIZ_U32WG.VS_DBEXT_UTM_COM_EXT_CR,SIG_PRO,-1,-1,C:\Users\Andrea Zanin\AppData\Roaming\ESRI\Desktop10.2\ArcCatalog\HUB_UTM@GEODB-GEST.sde\HUB_UTM.VS_DBEXT_UTM_COM_EXT_CR,SIG_PRO,-1,-1;COD_CMO "COD_CMO" true false false 70 Text 0 0 ,First,#,C:\Users\Andrea Zanin\AppData\Roaming\ESRI\Desktop10.2\ArcCatalog\WIZU32WG@GEODB-PUB.sde\WIZ_U32WG.VS_DBEXT_UTM_COM_EXT_CR,COD_CMO,-1,-1,C:\Users\Andrea Zanin\AppData\Roaming\ESRI\Desktop10.2\ArcCatalog\HUB_UTM@GEODB-GEST.sde\HUB_UTM.VS_DBEXT_UTM_COM_EXT_CR,COD_CMO,-1,-1;NOME_CMO "NOME_CMO" true true false 50 Text 0 0 ,First,#,C:\Users\Andrea Zanin\AppData\Roaming\ESRI\Desktop10.2\ArcCatalog\WIZU32WG@GEODB-PUB.sde\WIZ_U32WG.VS_DBEXT_UTM_COM_EXT_CR,NOME_CMO,-1,-1,C:\Users\Andrea Zanin\AppData\Roaming\ESRI\Desktop10.2\ArcCatalog\HUB_UTM@GEODB-GEST.sde\HUB_UTM.VS_DBEXT_UTM_COM_EXT_CR,NOME_CMO,-1,-1;COD_ASL "COD_ASL" true true false 4 Long 0 5 ,First,#,C:\Users\Andrea Zanin\AppData\Roaming\ESRI\Desktop10.2\ArcCatalog\WIZU32WG@GEODB-PUB.sde\WIZ_U32WG.VS_DBEXT_UTM_COM_EXT_CR,COD_ASL,-1,-1,C:\Users\Andrea Zanin\AppData\Roaming\ESRI\Desktop10.2\ArcCatalog\HUB_UTM@GEODB-GEST.sde\HUB_UTM.VS_DBEXT_UTM_COM_EXT_CR,COD_ASL,-1,-1;NOME_ASL "NOME_ASL" true true false 40 Text 0 0 ,First,#,C:\Users\Andrea Zanin\AppData\Roaming\ESRI\Desktop10.2\ArcCatalog\WIZU32WG@GEODB-PUB.sde\WIZ_U32WG.VS_DBEXT_UTM_COM_EXT_CR,NOME_ASL,-1,-1,C:\Users\Andrea Zanin\AppData\Roaming\ESRI\Desktop10.2\ArcCatalog\HUB_UTM@GEODB-GEST.sde\HUB_UTM.VS_DBEXT_UTM_COM_EXT_CR,NOME_ASL,-1,-1;COD_REG "COD_REG" true true false 50 Text 0 0 ,First,#,C:\Users\Andrea Zanin\AppData\Roaming\ESRI\Desktop10.2\ArcCatalog\WIZU32WG@GEODB-PUB.sde\WIZ_U32WG.VS_DBEXT_UTM_COM_EXT_CR,COD_REG,-1,-1,C:\Users\Andrea Zanin\AppData\Roaming\ESRI\Desktop10.2\ArcCatalog\HUB_UTM@GEODB-GEST.sde\HUB_UTM.VS_DBEXT_UTM_COM_EXT_CR,COD_REG,-1,-1;NOME_REG "NOME_REG" true true false 40 Text 0 0 ,First,#,C:\Users\Andrea Zanin\AppData\Roaming\ESRI\Desktop10.2\ArcCatalog\WIZU32WG@GEODB-PUB.sde\WIZ_U32WG.VS_DBEXT_UTM_COM_EXT_CR,NOME_REG,-1,-1,C:\Users\Andrea Zanin\AppData\Roaming\ESRI\Desktop10.2\ArcCatalog\HUB_UTM@GEODB-GEST.sde\HUB_UTM.VS_DBEXT_UTM_COM_EXT_CR,NOME_REG,-1,-1;ANNO "ANNO" true true false 2 Short 0 4 ,First,#,C:\Users\Andrea Zanin\AppData\Roaming\ESRI\Desktop10.2\ArcCatalog\WIZU32WG@GEODB-PUB.sde\WIZ_U32WG.VS_DBEXT_UTM_COM_EXT_CR,ANNO,-1,-1,C:\Users\Andrea Zanin\AppData\Roaming\ESRI\Desktop10.2\ArcCatalog\HUB_UTM@GEODB-GEST.sde\HUB_UTM.VS_DBEXT_UTM_COM_EXT_CR,ANNO,-1,-1;ISTAT "ISTAT" true true false 4 Long 0 10 ,First,#,C:\Users\Andrea Zanin\AppData\Roaming\ESRI\Desktop10.2\ArcCatalog\WIZU32WG@GEODB-PUB.sde\WIZ_U32WG.VS_DBEXT_UTM_COM_EXT_CR,ISTAT,-1,-1,C:\Users\Andrea Zanin\AppData\Roaming\ESRI\Desktop10.2\ArcCatalog\HUB_UTM@GEODB-GEST.sde\HUB_UTM.VS_DBEXT_UTM_COM_EXT_CR,ISTAT,-1,-1;LEGGE_ISTITUTIVA "LEGGE_ISTITUTIVA" true true false 100 Text 0 0 ,First,#,C:\Users\Andrea Zanin\AppData\Roaming\ESRI\Desktop10.2\ArcCatalog\WIZU32WG@GEODB-PUB.sde\WIZ_U32WG.VS_DBEXT_UTM_COM_EXT_CR,LEGGE_ISTITUTIVA,-1,-1;SHAPE_AREA "SHAPE_AREA" false false true 0 Double 0 0 ,First,#,C:\Users\Andrea Zanin\AppData\Roaming\ESRI\Desktop10.2\ArcCatalog\WIZU32WG@GEODB-PUB.sde\WIZ_U32WG.VS_DBEXT_UTM_COM_EXT_CR,SHAPE.AREA,-1,-1;SHAPE_LEN "SHAPE_LEN" false false true 0 Double 0 0 ,First,#,C:\Users\Andrea Zanin\AppData\Roaming\ESRI\Desktop10.2\ArcCatalog\WIZU32WG@GEODB-PUB.sde\WIZ_U32WG.VS_DBEXT_UTM_COM_EXT_CR,SHAPE.LEN,-1,-1" #</Process><Process ToolSource="c:\program files (x86)\arcgis\desktop10.2\ArcToolbox\Toolboxes\Data Management Tools.tbx\TruncateTable" Date="20180305" Time="150310">TruncateTable "C:\Users\Andrea Zanin\AppData\Roaming\ESRI\Desktop10.2\ArcCatalog\WIZU32WG@GEODB-PUB.sde\WIZ_U32WG.VS_DBEXT_UTM_COM_EXT_CR"</Process><Process ToolSource="c:\program files (x86)\arcgis\desktop10.2\ArcToolbox\Toolboxes\Data Management Tools.tbx\Append" Date="20180305" Time="150329">Append 'C:\Users\Andrea Zanin\AppData\Roaming\ESRI\Desktop10.2\ArcCatalog\HUB_UTM@GEODB-GEST.sde\HUB_UTM.VS_DBEXT_UTM_COM_EXT_CR' "C:\Users\Andrea Zanin\AppData\Roaming\ESRI\Desktop10.2\ArcCatalog\WIZU32WG@GEODB-PUB.sde\WIZ_U32WG.VS_DBEXT_UTM_COM_EXT_CR" NO_TEST "CLASSREF "CLASSREF" true false false 70 Text 0 0 ,First,#,C:\Users\Andrea Zanin\AppData\Roaming\ESRI\Desktop10.2\ArcCatalog\WIZU32WG@GEODB-PUB.sde\WIZ_U32WG.VS_DBEXT_UTM_COM_EXT_CR,CLASSREF,-1,-1,C:\Users\Andrea Zanin\AppData\Roaming\ESRI\Desktop10.2\ArcCatalog\HUB_UTM@GEODB-GEST.sde\HUB_UTM.VS_DBEXT_UTM_COM_EXT_CR,CLASSREF,-1,-1;BELFIORE "BELFIORE" true false false 40 Text 0 0 ,First,#,C:\Users\Andrea Zanin\AppData\Roaming\ESRI\Desktop10.2\ArcCatalog\WIZU32WG@GEODB-PUB.sde\WIZ_U32WG.VS_DBEXT_UTM_COM_EXT_CR,BELFIORE,-1,-1,C:\Users\Andrea Zanin\AppData\Roaming\ESRI\Desktop10.2\ArcCatalog\HUB_UTM@GEODB-GEST.sde\HUB_UTM.VS_DBEXT_UTM_COM_EXT_CR,BELFIORE,-1,-1;COD_ISTATN "COD_ISTATN" true false false 16 Text 0 0 ,First,#,C:\Users\Andrea Zanin\AppData\Roaming\ESRI\Desktop10.2\ArcCatalog\WIZU32WG@GEODB-PUB.sde\WIZ_U32WG.VS_DBEXT_UTM_COM_EXT_CR,COD_ISTATN,-1,-1,C:\Users\Andrea Zanin\AppData\Roaming\ESRI\Desktop10.2\ArcCatalog\HUB_UTM@GEODB-GEST.sde\HUB_UTM.VS_DBEXT_UTM_COM_EXT_CR,COD_ISTATN,-1,-1;NOME_COM "NOME_COM" true false false 100 Text 0 0 ,First,#,C:\Users\Andrea Zanin\AppData\Roaming\ESRI\Desktop10.2\ArcCatalog\WIZU32WG@GEODB-PUB.sde\WIZ_U32WG.VS_DBEXT_UTM_COM_EXT_CR,NOME_COM,-1,-1,C:\Users\Andrea Zanin\AppData\Roaming\ESRI\Desktop10.2\ArcCatalog\HUB_UTM@GEODB-GEST.sde\HUB_UTM.VS_DBEXT_UTM_COM_EXT_CR,NOME_COM,-1,-1;COD_PRO "COD_PRO" true true false 2 Short 0 5 ,First,#,C:\Users\Andrea Zanin\AppData\Roaming\ESRI\Desktop10.2\ArcCatalog\WIZU32WG@GEODB-PUB.sde\WIZ_U32WG.VS_DBEXT_UTM_COM_EXT_CR,COD_PRO,-1,-1,C:\Users\Andrea Zanin\AppData\Roaming\ESRI\Desktop10.2\ArcCatalog\HUB_UTM@GEODB-GEST.sde\HUB_UTM.VS_DBEXT_UTM_COM_EXT_CR,COD_PRO,-1,-1;NOME_PRO "NOME_PRO" true true false 40 Text 0 0 ,First,#,C:\Users\Andrea Zanin\AppData\Roaming\ESRI\Desktop10.2\ArcCatalog\WIZU32WG@GEODB-PUB.sde\WIZ_U32WG.VS_DBEXT_UTM_COM_EXT_CR,NOME_PRO,-1,-1,C:\Users\Andrea Zanin\AppData\Roaming\ESRI\Desktop10.2\ArcCatalog\HUB_UTM@GEODB-GEST.sde\HUB_UTM.VS_DBEXT_UTM_COM_EXT_CR,NOME_PRO,-1,-1;SIG_PRO "SIG_PRO" true true false 2 Text 0 0 ,First,#,C:\Users\Andrea Zanin\AppData\Roaming\ESRI\Desktop10.2\ArcCatalog\WIZU32WG@GEODB-PUB.sde\WIZ_U32WG.VS_DBEXT_UTM_COM_EXT_CR,SIG_PRO,-1,-1,C:\Users\Andrea Zanin\AppData\Roaming\ESRI\Desktop10.2\ArcCatalog\HUB_UTM@GEODB-GEST.sde\HUB_UTM.VS_DBEXT_UTM_COM_EXT_CR,SIG_PRO,-1,-1;COD_CMO "COD_CMO" true false false 70 Text 0 0 ,First,#,C:\Users\Andrea Zanin\AppData\Roaming\ESRI\Desktop10.2\ArcCatalog\WIZU32WG@GEODB-PUB.sde\WIZ_U32WG.VS_DBEXT_UTM_COM_EXT_CR,COD_CMO,-1,-1,C:\Users\Andrea Zanin\AppData\Roaming\ESRI\Desktop10.2\ArcCatalog\HUB_UTM@GEODB-GEST.sde\HUB_UTM.VS_DBEXT_UTM_COM_EXT_CR,COD_CMO,-1,-1;NOME_CMO "NOME_CMO" true true false 50 Text 0 0 ,First,#,C:\Users\Andrea Zanin\AppData\Roaming\ESRI\Desktop10.2\ArcCatalog\WIZU32WG@GEODB-PUB.sde\WIZ_U32WG.VS_DBEXT_UTM_COM_EXT_CR,NOME_CMO,-1,-1,C:\Users\Andrea Zanin\AppData\Roaming\ESRI\Desktop10.2\ArcCatalog\HUB_UTM@GEODB-GEST.sde\HUB_UTM.VS_DBEXT_UTM_COM_EXT_CR,NOME_CMO,-1,-1;COD_ASL "COD_ASL" true true false 4 Long 0 5 ,First,#,C:\Users\Andrea Zanin\AppData\Roaming\ESRI\Desktop10.2\ArcCatalog\WIZU32WG@GEODB-PUB.sde\WIZ_U32WG.VS_DBEXT_UTM_COM_EXT_CR,COD_ASL,-1,-1,C:\Users\Andrea Zanin\AppData\Roaming\ESRI\Desktop10.2\ArcCatalog\HUB_UTM@GEODB-GEST.sde\HUB_UTM.VS_DBEXT_UTM_COM_EXT_CR,COD_ASL,-1,-1;NOME_ASL "NOME_ASL" true true false 40 Text 0 0 ,First,#,C:\Users\Andrea Zanin\AppData\Roaming\ESRI\Desktop10.2\ArcCatalog\WIZU32WG@GEODB-PUB.sde\WIZ_U32WG.VS_DBEXT_UTM_COM_EXT_CR,NOME_ASL,-1,-1,C:\Users\Andrea Zanin\AppData\Roaming\ESRI\Desktop10.2\ArcCatalog\HUB_UTM@GEODB-GEST.sde\HUB_UTM.VS_DBEXT_UTM_COM_EXT_CR,NOME_ASL,-1,-1;COD_REG "COD_REG" true true false 50 Text 0 0 ,First,#,C:\Users\Andrea Zanin\AppData\Roaming\ESRI\Desktop10.2\ArcCatalog\WIZU32WG@GEODB-PUB.sde\WIZ_U32WG.VS_DBEXT_UTM_COM_EXT_CR,COD_REG,-1,-1,C:\Users\Andrea Zanin\AppData\Roaming\ESRI\Desktop10.2\ArcCatalog\HUB_UTM@GEODB-GEST.sde\HUB_UTM.VS_DBEXT_UTM_COM_EXT_CR,COD_REG,-1,-1;NOME_REG "NOME_REG" true true false 40 Text 0 0 ,First,#,C:\Users\Andrea Zanin\AppData\Roaming\ESRI\Desktop10.2\ArcCatalog\WIZU32WG@GEODB-PUB.sde\WIZ_U32WG.VS_DBEXT_UTM_COM_EXT_CR,NOME_REG,-1,-1,C:\Users\Andrea Zanin\AppData\Roaming\ESRI\Desktop10.2\ArcCatalog\HUB_UTM@GEODB-GEST.sde\HUB_UTM.VS_DBEXT_UTM_COM_EXT_CR,NOME_REG,-1,-1;ANNO "ANNO" true true false 2 Short 0 4 ,First,#,C:\Users\Andrea Zanin\AppData\Roaming\ESRI\Desktop10.2\ArcCatalog\WIZU32WG@GEODB-PUB.sde\WIZ_U32WG.VS_DBEXT_UTM_COM_EXT_CR,ANNO,-1,-1,C:\Users\Andrea Zanin\AppData\Roaming\ESRI\Desktop10.2\ArcCatalog\HUB_UTM@GEODB-GEST.sde\HUB_UTM.VS_DBEXT_UTM_COM_EXT_CR,ANNO,-1,-1;ISTAT "ISTAT" true true false 4 Long 0 10 ,First,#,C:\Users\Andrea Zanin\AppData\Roaming\ESRI\Desktop10.2\ArcCatalog\WIZU32WG@GEODB-PUB.sde\WIZ_U32WG.VS_DBEXT_UTM_COM_EXT_CR,ISTAT,-1,-1,C:\Users\Andrea Zanin\AppData\Roaming\ESRI\Desktop10.2\ArcCatalog\HUB_UTM@GEODB-GEST.sde\HUB_UTM.VS_DBEXT_UTM_COM_EXT_CR,ISTAT,-1,-1;LEGGE_ISTITUTIVA "LEGGE_ISTITUTIVA" true true false 100 Text 0 0 ,First,#,C:\Users\Andrea Zanin\AppData\Roaming\ESRI\Desktop10.2\ArcCatalog\WIZU32WG@GEODB-PUB.sde\WIZ_U32WG.VS_DBEXT_UTM_COM_EXT_CR,LEGGE_ISTITUTIVA,-1,-1;SHAPE_AREA "SHAPE_AREA" false false true 0 Double 0 0 ,First,#,C:\Users\Andrea Zanin\AppData\Roaming\ESRI\Desktop10.2\ArcCatalog\WIZU32WG@GEODB-PUB.sde\WIZ_U32WG.VS_DBEXT_UTM_COM_EXT_CR,SHAPE.AREA,-1,-1;SHAPE_LEN "SHAPE_LEN" false false true 0 Double 0 0 ,First,#,C:\Users\Andrea Zanin\AppData\Roaming\ESRI\Desktop10.2\ArcCatalog\WIZU32WG@GEODB-PUB.sde\WIZ_U32WG.VS_DBEXT_UTM_COM_EXT_CR,SHAPE.LEN,-1,-1" #</Process><Process ToolSource="c:\program files (x86)\arcgis\desktop10.2\ArcToolbox\Toolboxes\Data Management Tools.tbx\TruncateTable" Date="20180306" Time="100426">TruncateTable "C:\Users\Andrea Zanin\AppData\Roaming\ESRI\Desktop10.2\ArcCatalog\WIZU32WG@GEODB-PUB.sde\WIZ_U32WG.VS_DBEXT_UTM_COM_EXT_CR"</Process><Process ToolSource="c:\program files (x86)\arcgis\desktop10.2\ArcToolbox\Toolboxes\Data Management Tools.tbx\TruncateTable" Date="20180522" Time="151326">TruncateTable "C:\Users\Andrea Zanin\AppData\Roaming\ESRI\Desktop10.2\ArcCatalog\WIZU32WG@GEODB-PUB.sde\WIZ_U32WG.VS_DBEXT_UTM_COM_EXT_CR"</Process><Process ToolSource="c:\program files (x86)\arcgis\desktop10.2\ArcToolbox\Toolboxes\Data Management Tools.tbx\Append" Date="20180522" Time="151338">Append 'C:\Users\Andrea Zanin\AppData\Roaming\ESRI\Desktop10.2\ArcCatalog\HUB_UTM@GEODB-GEST.sde\HUB_UTM.VS_DBEXT_UTM_COM_EXT_CR' "C:\Users\Andrea Zanin\AppData\Roaming\ESRI\Desktop10.2\ArcCatalog\WIZU32WG@GEODB-PUB.sde\WIZ_U32WG.VS_DBEXT_UTM_COM_EXT_CR" NO_TEST "CLASSREF "CLASSREF" true false false 70 Text 0 0 ,First,#,C:\Users\Andrea Zanin\AppData\Roaming\ESRI\Desktop10.2\ArcCatalog\WIZU32WG@GEODB-PUB.sde\WIZ_U32WG.VS_DBEXT_UTM_COM_EXT_CR,CLASSREF,-1,-1,C:\Users\Andrea Zanin\AppData\Roaming\ESRI\Desktop10.2\ArcCatalog\HUB_UTM@GEODB-GEST.sde\HUB_UTM.VS_DBEXT_UTM_COM_EXT_CR,CLASSREF,-1,-1;BELFIORE "BELFIORE" true false false 40 Text 0 0 ,First,#,C:\Users\Andrea Zanin\AppData\Roaming\ESRI\Desktop10.2\ArcCatalog\WIZU32WG@GEODB-PUB.sde\WIZ_U32WG.VS_DBEXT_UTM_COM_EXT_CR,BELFIORE,-1,-1,C:\Users\Andrea Zanin\AppData\Roaming\ESRI\Desktop10.2\ArcCatalog\HUB_UTM@GEODB-GEST.sde\HUB_UTM.VS_DBEXT_UTM_COM_EXT_CR,BELFIORE,-1,-1;COD_ISTATN "COD_ISTATN" true false false 16 Text 0 0 ,First,#,C:\Users\Andrea Zanin\AppData\Roaming\ESRI\Desktop10.2\ArcCatalog\WIZU32WG@GEODB-PUB.sde\WIZ_U32WG.VS_DBEXT_UTM_COM_EXT_CR,COD_ISTATN,-1,-1,C:\Users\Andrea Zanin\AppData\Roaming\ESRI\Desktop10.2\ArcCatalog\HUB_UTM@GEODB-GEST.sde\HUB_UTM.VS_DBEXT_UTM_COM_EXT_CR,COD_ISTATN,-1,-1;NOME_COM "NOME_COM" true false false 100 Text 0 0 ,First,#,C:\Users\Andrea Zanin\AppData\Roaming\ESRI\Desktop10.2\ArcCatalog\WIZU32WG@GEODB-PUB.sde\WIZ_U32WG.VS_DBEXT_UTM_COM_EXT_CR,NOME_COM,-1,-1,C:\Users\Andrea Zanin\AppData\Roaming\ESRI\Desktop10.2\ArcCatalog\HUB_UTM@GEODB-GEST.sde\HUB_UTM.VS_DBEXT_UTM_COM_EXT_CR,NOME_COM,-1,-1;COD_PRO "COD_PRO" true true false 2 Short 0 5 ,First,#,C:\Users\Andrea Zanin\AppData\Roaming\ESRI\Desktop10.2\ArcCatalog\WIZU32WG@GEODB-PUB.sde\WIZ_U32WG.VS_DBEXT_UTM_COM_EXT_CR,COD_PRO,-1,-1,C:\Users\Andrea Zanin\AppData\Roaming\ESRI\Desktop10.2\ArcCatalog\HUB_UTM@GEODB-GEST.sde\HUB_UTM.VS_DBEXT_UTM_COM_EXT_CR,COD_PRO,-1,-1;NOME_PRO "NOME_PRO" true true false 40 Text 0 0 ,First,#,C:\Users\Andrea Zanin\AppData\Roaming\ESRI\Desktop10.2\ArcCatalog\WIZU32WG@GEODB-PUB.sde\WIZ_U32WG.VS_DBEXT_UTM_COM_EXT_CR,NOME_PRO,-1,-1,C:\Users\Andrea Zanin\AppData\Roaming\ESRI\Desktop10.2\ArcCatalog\HUB_UTM@GEODB-GEST.sde\HUB_UTM.VS_DBEXT_UTM_COM_EXT_CR,NOME_PRO,-1,-1;SIG_PRO "SIG_PRO" true true false 2 Text 0 0 ,First,#,C:\Users\Andrea Zanin\AppData\Roaming\ESRI\Desktop10.2\ArcCatalog\WIZU32WG@GEODB-PUB.sde\WIZ_U32WG.VS_DBEXT_UTM_COM_EXT_CR,SIG_PRO,-1,-1,C:\Users\Andrea Zanin\AppData\Roaming\ESRI\Desktop10.2\ArcCatalog\HUB_UTM@GEODB-GEST.sde\HUB_UTM.VS_DBEXT_UTM_COM_EXT_CR,SIG_PRO,-1,-1;COD_CMO "COD_CMO" true false false 70 Text 0 0 ,First,#,C:\Users\Andrea Zanin\AppData\Roaming\ESRI\Desktop10.2\ArcCatalog\WIZU32WG@GEODB-PUB.sde\WIZ_U32WG.VS_DBEXT_UTM_COM_EXT_CR,COD_CMO,-1,-1,C:\Users\Andrea Zanin\AppData\Roaming\ESRI\Desktop10.2\ArcCatalog\HUB_UTM@GEODB-GEST.sde\HUB_UTM.VS_DBEXT_UTM_COM_EXT_CR,COD_CMO,-1,-1;NOME_CMO "NOME_CMO" true true false 50 Text 0 0 ,First,#,C:\Users\Andrea Zanin\AppData\Roaming\ESRI\Desktop10.2\ArcCatalog\WIZU32WG@GEODB-PUB.sde\WIZ_U32WG.VS_DBEXT_UTM_COM_EXT_CR,NOME_CMO,-1,-1,C:\Users\Andrea Zanin\AppData\Roaming\ESRI\Desktop10.2\ArcCatalog\HUB_UTM@GEODB-GEST.sde\HUB_UTM.VS_DBEXT_UTM_COM_EXT_CR,NOME_CMO,-1,-1;COD_ASL "COD_ASL" true true false 4 Long 0 5 ,First,#,C:\Users\Andrea Zanin\AppData\Roaming\ESRI\Desktop10.2\ArcCatalog\WIZU32WG@GEODB-PUB.sde\WIZ_U32WG.VS_DBEXT_UTM_COM_EXT_CR,COD_ASL,-1,-1,C:\Users\Andrea Zanin\AppData\Roaming\ESRI\Desktop10.2\ArcCatalog\HUB_UTM@GEODB-GEST.sde\HUB_UTM.VS_DBEXT_UTM_COM_EXT_CR,COD_ASL,-1,-1;NOME_ASL "NOME_ASL" true true false 40 Text 0 0 ,First,#,C:\Users\Andrea Zanin\AppData\Roaming\ESRI\Desktop10.2\ArcCatalog\WIZU32WG@GEODB-PUB.sde\WIZ_U32WG.VS_DBEXT_UTM_COM_EXT_CR,NOME_ASL,-1,-1,C:\Users\Andrea Zanin\AppData\Roaming\ESRI\Desktop10.2\ArcCatalog\HUB_UTM@GEODB-GEST.sde\HUB_UTM.VS_DBEXT_UTM_COM_EXT_CR,NOME_ASL,-1,-1;COD_REG "COD_REG" true true false 50 Text 0 0 ,First,#,C:\Users\Andrea Zanin\AppData\Roaming\ESRI\Desktop10.2\ArcCatalog\WIZU32WG@GEODB-PUB.sde\WIZ_U32WG.VS_DBEXT_UTM_COM_EXT_CR,COD_REG,-1,-1,C:\Users\Andrea Zanin\AppData\Roaming\ESRI\Desktop10.2\ArcCatalog\HUB_UTM@GEODB-GEST.sde\HUB_UTM.VS_DBEXT_UTM_COM_EXT_CR,COD_REG,-1,-1;NOME_REG "NOME_REG" true true false 40 Text 0 0 ,First,#,C:\Users\Andrea Zanin\AppData\Roaming\ESRI\Desktop10.2\ArcCatalog\WIZU32WG@GEODB-PUB.sde\WIZ_U32WG.VS_DBEXT_UTM_COM_EXT_CR,NOME_REG,-1,-1,C:\Users\Andrea Zanin\AppData\Roaming\ESRI\Desktop10.2\ArcCatalog\HUB_UTM@GEODB-GEST.sde\HUB_UTM.VS_DBEXT_UTM_COM_EXT_CR,NOME_REG,-1,-1;ANNO "ANNO" true true false 2 Short 0 4 ,First,#,C:\Users\Andrea Zanin\AppData\Roaming\ESRI\Desktop10.2\ArcCatalog\WIZU32WG@GEODB-PUB.sde\WIZ_U32WG.VS_DBEXT_UTM_COM_EXT_CR,ANNO,-1,-1,C:\Users\Andrea Zanin\AppData\Roaming\ESRI\Desktop10.2\ArcCatalog\HUB_UTM@GEODB-GEST.sde\HUB_UTM.VS_DBEXT_UTM_COM_EXT_CR,ANNO,-1,-1;ISTAT "ISTAT" true true false 4 Long 0 10 ,First,#,C:\Users\Andrea Zanin\AppData\Roaming\ESRI\Desktop10.2\ArcCatalog\WIZU32WG@GEODB-PUB.sde\WIZ_U32WG.VS_DBEXT_UTM_COM_EXT_CR,ISTAT,-1,-1,C:\Users\Andrea Zanin\AppData\Roaming\ESRI\Desktop10.2\ArcCatalog\HUB_UTM@GEODB-GEST.sde\HUB_UTM.VS_DBEXT_UTM_COM_EXT_CR,ISTAT,-1,-1;LEGGE_ISTITUTIVA "LEGGE_ISTITUTIVA" true true false 100 Text 0 0 ,First,#,C:\Users\Andrea Zanin\AppData\Roaming\ESRI\Desktop10.2\ArcCatalog\WIZU32WG@GEODB-PUB.sde\WIZ_U32WG.VS_DBEXT_UTM_COM_EXT_CR,LEGGE_ISTITUTIVA,-1,-1;SHAPE_AREA "SHAPE_AREA" false false true 0 Double 0 0 ,First,#,C:\Users\Andrea Zanin\AppData\Roaming\ESRI\Desktop10.2\ArcCatalog\WIZU32WG@GEODB-PUB.sde\WIZ_U32WG.VS_DBEXT_UTM_COM_EXT_CR,SHAPE.AREA,-1,-1;SHAPE_LEN "SHAPE_LEN" false false true 0 Double 0 0 ,First,#,C:\Users\Andrea Zanin\AppData\Roaming\ESRI\Desktop10.2\ArcCatalog\WIZU32WG@GEODB-PUB.sde\WIZ_U32WG.VS_DBEXT_UTM_COM_EXT_CR,SHAPE.LEN,-1,-1" #</Process><Process ToolSource="c:\program files (x86)\arcgis\desktop10.2\ArcToolbox\Toolboxes\Data Management Tools.tbx\TruncateTable" Date="20180608" Time="151559">TruncateTable "C:\Users\Andrea Zanin\AppData\Roaming\ESRI\Desktop10.2\ArcCatalog\WIZU32WG@GEODB-PUB.sde\WIZ_U32WG.VS_DBEXT_UTM_COM_EXT_CR"</Process><Process ToolSource="c:\program files (x86)\arcgis\desktop10.2\ArcToolbox\Toolboxes\Data Management Tools.tbx\Append" Date="20180608" Time="151610">Append 'C:\Users\Andrea Zanin\AppData\Roaming\ESRI\Desktop10.2\ArcCatalog\HUB_UTM@GEODB-GEST.sde\HUB_UTM.VS_DBEXT_UTM_COM_EXT_CR' "C:\Users\Andrea Zanin\AppData\Roaming\ESRI\Desktop10.2\ArcCatalog\WIZU32WG@GEODB-PUB.sde\WIZ_U32WG.VS_DBEXT_UTM_COM_EXT_CR" NO_TEST "CLASSREF "CLASSREF" true false false 70 Text 0 0 ,First,#,C:\Users\Andrea Zanin\AppData\Roaming\ESRI\Desktop10.2\ArcCatalog\WIZU32WG@GEODB-PUB.sde\WIZ_U32WG.VS_DBEXT_UTM_COM_EXT_CR,CLASSREF,-1,-1,C:\Users\Andrea Zanin\AppData\Roaming\ESRI\Desktop10.2\ArcCatalog\HUB_UTM@GEODB-GEST.sde\HUB_UTM.VS_DBEXT_UTM_COM_EXT_CR,CLASSREF,-1,-1;BELFIORE "BELFIORE" true false false 40 Text 0 0 ,First,#,C:\Users\Andrea Zanin\AppData\Roaming\ESRI\Desktop10.2\ArcCatalog\WIZU32WG@GEODB-PUB.sde\WIZ_U32WG.VS_DBEXT_UTM_COM_EXT_CR,BELFIORE,-1,-1,C:\Users\Andrea Zanin\AppData\Roaming\ESRI\Desktop10.2\ArcCatalog\HUB_UTM@GEODB-GEST.sde\HUB_UTM.VS_DBEXT_UTM_COM_EXT_CR,BELFIORE,-1,-1;COD_ISTATN "COD_ISTATN" true false false 16 Text 0 0 ,First,#,C:\Users\Andrea Zanin\AppData\Roaming\ESRI\Desktop10.2\ArcCatalog\WIZU32WG@GEODB-PUB.sde\WIZ_U32WG.VS_DBEXT_UTM_COM_EXT_CR,COD_ISTATN,-1,-1,C:\Users\Andrea Zanin\AppData\Roaming\ESRI\Desktop10.2\ArcCatalog\HUB_UTM@GEODB-GEST.sde\HUB_UTM.VS_DBEXT_UTM_COM_EXT_CR,COD_ISTATN,-1,-1;NOME_COM "NOME_COM" true false false 100 Text 0 0 ,First,#,C:\Users\Andrea Zanin\AppData\Roaming\ESRI\Desktop10.2\ArcCatalog\WIZU32WG@GEODB-PUB.sde\WIZ_U32WG.VS_DBEXT_UTM_COM_EXT_CR,NOME_COM,-1,-1,C:\Users\Andrea Zanin\AppData\Roaming\ESRI\Desktop10.2\ArcCatalog\HUB_UTM@GEODB-GEST.sde\HUB_UTM.VS_DBEXT_UTM_COM_EXT_CR,NOME_COM,-1,-1;COD_PRO "COD_PRO" true true false 2 Short 0 5 ,First,#,C:\Users\Andrea Zanin\AppData\Roaming\ESRI\Desktop10.2\ArcCatalog\WIZU32WG@GEODB-PUB.sde\WIZ_U32WG.VS_DBEXT_UTM_COM_EXT_CR,COD_PRO,-1,-1,C:\Users\Andrea Zanin\AppData\Roaming\ESRI\Desktop10.2\ArcCatalog\HUB_UTM@GEODB-GEST.sde\HUB_UTM.VS_DBEXT_UTM_COM_EXT_CR,COD_PRO,-1,-1;NOME_PRO "NOME_PRO" true true false 40 Text 0 0 ,First,#,C:\Users\Andrea Zanin\AppData\Roaming\ESRI\Desktop10.2\ArcCatalog\WIZU32WG@GEODB-PUB.sde\WIZ_U32WG.VS_DBEXT_UTM_COM_EXT_CR,NOME_PRO,-1,-1,C:\Users\Andrea Zanin\AppData\Roaming\ESRI\Desktop10.2\ArcCatalog\HUB_UTM@GEODB-GEST.sde\HUB_UTM.VS_DBEXT_UTM_COM_EXT_CR,NOME_PRO,-1,-1;SIG_PRO "SIG_PRO" true true false 2 Text 0 0 ,First,#,C:\Users\Andrea Zanin\AppData\Roaming\ESRI\Desktop10.2\ArcCatalog\WIZU32WG@GEODB-PUB.sde\WIZ_U32WG.VS_DBEXT_UTM_COM_EXT_CR,SIG_PRO,-1,-1,C:\Users\Andrea Zanin\AppData\Roaming\ESRI\Desktop10.2\ArcCatalog\HUB_UTM@GEODB-GEST.sde\HUB_UTM.VS_DBEXT_UTM_COM_EXT_CR,SIG_PRO,-1,-1;COD_CMO "COD_CMO" true false false 70 Text 0 0 ,First,#,C:\Users\Andrea Zanin\AppData\Roaming\ESRI\Desktop10.2\ArcCatalog\WIZU32WG@GEODB-PUB.sde\WIZ_U32WG.VS_DBEXT_UTM_COM_EXT_CR,COD_CMO,-1,-1,C:\Users\Andrea Zanin\AppData\Roaming\ESRI\Desktop10.2\ArcCatalog\HUB_UTM@GEODB-GEST.sde\HUB_UTM.VS_DBEXT_UTM_COM_EXT_CR,COD_CMO,-1,-1;NOME_CMO "NOME_CMO" true true false 50 Text 0 0 ,First,#,C:\Users\Andrea Zanin\AppData\Roaming\ESRI\Desktop10.2\ArcCatalog\WIZU32WG@GEODB-PUB.sde\WIZ_U32WG.VS_DBEXT_UTM_COM_EXT_CR,NOME_CMO,-1,-1,C:\Users\Andrea Zanin\AppData\Roaming\ESRI\Desktop10.2\ArcCatalog\HUB_UTM@GEODB-GEST.sde\HUB_UTM.VS_DBEXT_UTM_COM_EXT_CR,NOME_CMO,-1,-1;COD_ASL "COD_ASL" true true false 4 Long 0 5 ,First,#,C:\Users\Andrea Zanin\AppData\Roaming\ESRI\Desktop10.2\ArcCatalog\WIZU32WG@GEODB-PUB.sde\WIZ_U32WG.VS_DBEXT_UTM_COM_EXT_CR,COD_ASL,-1,-1,C:\Users\Andrea Zanin\AppData\Roaming\ESRI\Desktop10.2\ArcCatalog\HUB_UTM@GEODB-GEST.sde\HUB_UTM.VS_DBEXT_UTM_COM_EXT_CR,COD_ASL,-1,-1;NOME_ASL "NOME_ASL" true true false 40 Text 0 0 ,First,#,C:\Users\Andrea Zanin\AppData\Roaming\ESRI\Desktop10.2\ArcCatalog\WIZU32WG@GEODB-PUB.sde\WIZ_U32WG.VS_DBEXT_UTM_COM_EXT_CR,NOME_ASL,-1,-1,C:\Users\Andrea Zanin\AppData\Roaming\ESRI\Desktop10.2\ArcCatalog\HUB_UTM@GEODB-GEST.sde\HUB_UTM.VS_DBEXT_UTM_COM_EXT_CR,NOME_ASL,-1,-1;COD_REG "COD_REG" true true false 50 Text 0 0 ,First,#,C:\Users\Andrea Zanin\AppData\Roaming\ESRI\Desktop10.2\ArcCatalog\WIZU32WG@GEODB-PUB.sde\WIZ_U32WG.VS_DBEXT_UTM_COM_EXT_CR,COD_REG,-1,-1,C:\Users\Andrea Zanin\AppData\Roaming\ESRI\Desktop10.2\ArcCatalog\HUB_UTM@GEODB-GEST.sde\HUB_UTM.VS_DBEXT_UTM_COM_EXT_CR,COD_REG,-1,-1;NOME_REG "NOME_REG" true true false 40 Text 0 0 ,First,#,C:\Users\Andrea Zanin\AppData\Roaming\ESRI\Desktop10.2\ArcCatalog\WIZU32WG@GEODB-PUB.sde\WIZ_U32WG.VS_DBEXT_UTM_COM_EXT_CR,NOME_REG,-1,-1,C:\Users\Andrea Zanin\AppData\Roaming\ESRI\Desktop10.2\ArcCatalog\HUB_UTM@GEODB-GEST.sde\HUB_UTM.VS_DBEXT_UTM_COM_EXT_CR,NOME_REG,-1,-1;ANNO "ANNO" true true false 2 Short 0 4 ,First,#,C:\Users\Andrea Zanin\AppData\Roaming\ESRI\Desktop10.2\ArcCatalog\WIZU32WG@GEODB-PUB.sde\WIZ_U32WG.VS_DBEXT_UTM_COM_EXT_CR,ANNO,-1,-1,C:\Users\Andrea Zanin\AppData\Roaming\ESRI\Desktop10.2\ArcCatalog\HUB_UTM@GEODB-GEST.sde\HUB_UTM.VS_DBEXT_UTM_COM_EXT_CR,ANNO,-1,-1;ISTAT "ISTAT" true true false 4 Long 0 10 ,First,#,C:\Users\Andrea Zanin\AppData\Roaming\ESRI\Desktop10.2\ArcCatalog\WIZU32WG@GEODB-PUB.sde\WIZ_U32WG.VS_DBEXT_UTM_COM_EXT_CR,ISTAT,-1,-1,C:\Users\Andrea Zanin\AppData\Roaming\ESRI\Desktop10.2\ArcCatalog\HUB_UTM@GEODB-GEST.sde\HUB_UTM.VS_DBEXT_UTM_COM_EXT_CR,ISTAT,-1,-1;LEGGE_ISTITUTIVA "LEGGE_ISTITUTIVA" true true false 100 Text 0 0 ,First,#,C:\Users\Andrea Zanin\AppData\Roaming\ESRI\Desktop10.2\ArcCatalog\WIZU32WG@GEODB-PUB.sde\WIZ_U32WG.VS_DBEXT_UTM_COM_EXT_CR,LEGGE_ISTITUTIVA,-1,-1;SHAPE_AREA "SHAPE_AREA" false false true 0 Double 0 0 ,First,#,C:\Users\Andrea Zanin\AppData\Roaming\ESRI\Desktop10.2\ArcCatalog\WIZU32WG@GEODB-PUB.sde\WIZ_U32WG.VS_DBEXT_UTM_COM_EXT_CR,SHAPE.AREA,-1,-1;SHAPE_LEN "SHAPE_LEN" false false true 0 Double 0 0 ,First,#,C:\Users\Andrea Zanin\AppData\Roaming\ESRI\Desktop10.2\ArcCatalog\WIZU32WG@GEODB-PUB.sde\WIZ_U32WG.VS_DBEXT_UTM_COM_EXT_CR,SHAPE.LEN,-1,-1" #</Process><Process ToolSource="c:\program files (x86)\arcgis\desktop10.2\ArcToolbox\Toolboxes\Data Management Tools.tbx\TruncateTable" Date="20180709" Time="143802">TruncateTable "Database Connections\WIZU32WG@GEODB-PUB.sde\WIZ_U32WG.VS_DBEXT_UTM_COM_EXT_CR"</Process><Process ToolSource="c:\program files (x86)\arcgis\desktop10.2\ArcToolbox\Toolboxes\Data Management Tools.tbx\Append" Date="20180709" Time="143813">Append 'C:\Users\Andrea Zanin\AppData\Roaming\ESRI\Desktop10.2\ArcCatalog\HUB_UTM@GEODB-GEST.sde\HUB_UTM.VS_DBEXT_UTM_COM_EXT_CR' "Database Connections\WIZU32WG@GEODB-PUB.sde\WIZ_U32WG.VS_DBEXT_UTM_COM_EXT_CR" NO_TEST "CLASSREF "CLASSREF" true false false 70 Text 0 0 ,First,#,Database Connections\WIZU32WG@GEODB-PUB.sde\WIZ_U32WG.VS_DBEXT_UTM_COM_EXT_CR,CLASSREF,-1,-1,C:\Users\Andrea Zanin\AppData\Roaming\ESRI\Desktop10.2\ArcCatalog\HUB_UTM@GEODB-GEST.sde\HUB_UTM.VS_DBEXT_UTM_COM_EXT_CR,CLASSREF,-1,-1;BELFIORE "BELFIORE" true false false 40 Text 0 0 ,First,#,Database Connections\WIZU32WG@GEODB-PUB.sde\WIZ_U32WG.VS_DBEXT_UTM_COM_EXT_CR,BELFIORE,-1,-1,C:\Users\Andrea Zanin\AppData\Roaming\ESRI\Desktop10.2\ArcCatalog\HUB_UTM@GEODB-GEST.sde\HUB_UTM.VS_DBEXT_UTM_COM_EXT_CR,BELFIORE,-1,-1;COD_ISTATN "COD_ISTATN" true false false 16 Text 0 0 ,First,#,Database Connections\WIZU32WG@GEODB-PUB.sde\WIZ_U32WG.VS_DBEXT_UTM_COM_EXT_CR,COD_ISTATN,-1,-1,C:\Users\Andrea Zanin\AppData\Roaming\ESRI\Desktop10.2\ArcCatalog\HUB_UTM@GEODB-GEST.sde\HUB_UTM.VS_DBEXT_UTM_COM_EXT_CR,COD_ISTATN,-1,-1;NOME_COM "NOME_COM" true false false 100 Text 0 0 ,First,#,Database Connections\WIZU32WG@GEODB-PUB.sde\WIZ_U32WG.VS_DBEXT_UTM_COM_EXT_CR,NOME_COM,-1,-1,C:\Users\Andrea Zanin\AppData\Roaming\ESRI\Desktop10.2\ArcCatalog\HUB_UTM@GEODB-GEST.sde\HUB_UTM.VS_DBEXT_UTM_COM_EXT_CR,NOME_COM,-1,-1;COD_PRO "COD_PRO" true true false 2 Short 0 5 ,First,#,Database Connections\WIZU32WG@GEODB-PUB.sde\WIZ_U32WG.VS_DBEXT_UTM_COM_EXT_CR,COD_PRO,-1,-1,C:\Users\Andrea Zanin\AppData\Roaming\ESRI\Desktop10.2\ArcCatalog\HUB_UTM@GEODB-GEST.sde\HUB_UTM.VS_DBEXT_UTM_COM_EXT_CR,COD_PRO,-1,-1;NOME_PRO "NOME_PRO" true true false 40 Text 0 0 ,First,#,Database Connections\WIZU32WG@GEODB-PUB.sde\WIZ_U32WG.VS_DBEXT_UTM_COM_EXT_CR,NOME_PRO,-1,-1,C:\Users\Andrea Zanin\AppData\Roaming\ESRI\Desktop10.2\ArcCatalog\HUB_UTM@GEODB-GEST.sde\HUB_UTM.VS_DBEXT_UTM_COM_EXT_CR,NOME_PRO,-1,-1;SIG_PRO "SIG_PRO" true true false 2 Text 0 0 ,First,#,Database Connections\WIZU32WG@GEODB-PUB.sde\WIZ_U32WG.VS_DBEXT_UTM_COM_EXT_CR,SIG_PRO,-1,-1,C:\Users\Andrea Zanin\AppData\Roaming\ESRI\Desktop10.2\ArcCatalog\HUB_UTM@GEODB-GEST.sde\HUB_UTM.VS_DBEXT_UTM_COM_EXT_CR,SIG_PRO,-1,-1;COD_CMO "COD_CMO" true false false 70 Text 0 0 ,First,#,Database Connections\WIZU32WG@GEODB-PUB.sde\WIZ_U32WG.VS_DBEXT_UTM_COM_EXT_CR,COD_CMO,-1,-1,C:\Users\Andrea Zanin\AppData\Roaming\ESRI\Desktop10.2\ArcCatalog\HUB_UTM@GEODB-GEST.sde\HUB_UTM.VS_DBEXT_UTM_COM_EXT_CR,COD_CMO,-1,-1;NOME_CMO "NOME_CMO" true true false 50 Text 0 0 ,First,#,Database Connections\WIZU32WG@GEODB-PUB.sde\WIZ_U32WG.VS_DBEXT_UTM_COM_EXT_CR,NOME_CMO,-1,-1,C:\Users\Andrea Zanin\AppData\Roaming\ESRI\Desktop10.2\ArcCatalog\HUB_UTM@GEODB-GEST.sde\HUB_UTM.VS_DBEXT_UTM_COM_EXT_CR,NOME_CMO,-1,-1;COD_ASL "COD_ASL" true true false 4 Long 0 5 ,First,#,Database Connections\WIZU32WG@GEODB-PUB.sde\WIZ_U32WG.VS_DBEXT_UTM_COM_EXT_CR,COD_ASL,-1,-1,C:\Users\Andrea Zanin\AppData\Roaming\ESRI\Desktop10.2\ArcCatalog\HUB_UTM@GEODB-GEST.sde\HUB_UTM.VS_DBEXT_UTM_COM_EXT_CR,COD_ASL,-1,-1;NOME_ASL "NOME_ASL" true true false 40 Text 0 0 ,First,#,Database Connections\WIZU32WG@GEODB-PUB.sde\WIZ_U32WG.VS_DBEXT_UTM_COM_EXT_CR,NOME_ASL,-1,-1,C:\Users\Andrea Zanin\AppData\Roaming\ESRI\Desktop10.2\ArcCatalog\HUB_UTM@GEODB-GEST.sde\HUB_UTM.VS_DBEXT_UTM_COM_EXT_CR,NOME_ASL,-1,-1;COD_REG "COD_REG" true true false 50 Text 0 0 ,First,#,Database Connections\WIZU32WG@GEODB-PUB.sde\WIZ_U32WG.VS_DBEXT_UTM_COM_EXT_CR,COD_REG,-1,-1,C:\Users\Andrea Zanin\AppData\Roaming\ESRI\Desktop10.2\ArcCatalog\HUB_UTM@GEODB-GEST.sde\HUB_UTM.VS_DBEXT_UTM_COM_EXT_CR,COD_REG,-1,-1;NOME_REG "NOME_REG" true true false 40 Text 0 0 ,First,#,Database Connections\WIZU32WG@GEODB-PUB.sde\WIZ_U32WG.VS_DBEXT_UTM_COM_EXT_CR,NOME_REG,-1,-1,C:\Users\Andrea Zanin\AppData\Roaming\ESRI\Desktop10.2\ArcCatalog\HUB_UTM@GEODB-GEST.sde\HUB_UTM.VS_DBEXT_UTM_COM_EXT_CR,NOME_REG,-1,-1;ANNO "ANNO" true true false 2 Short 0 4 ,First,#,Database Connections\WIZU32WG@GEODB-PUB.sde\WIZ_U32WG.VS_DBEXT_UTM_COM_EXT_CR,ANNO,-1,-1,C:\Users\Andrea Zanin\AppData\Roaming\ESRI\Desktop10.2\ArcCatalog\HUB_UTM@GEODB-GEST.sde\HUB_UTM.VS_DBEXT_UTM_COM_EXT_CR,ANNO,-1,-1;ISTAT "ISTAT" true true false 4 Long 0 10 ,First,#,Database Connections\WIZU32WG@GEODB-PUB.sde\WIZ_U32WG.VS_DBEXT_UTM_COM_EXT_CR,ISTAT,-1,-1,C:\Users\Andrea Zanin\AppData\Roaming\ESRI\Desktop10.2\ArcCatalog\HUB_UTM@GEODB-GEST.sde\HUB_UTM.VS_DBEXT_UTM_COM_EXT_CR,ISTAT,-1,-1;LEGGE_ISTITUTIVA "LEGGE_ISTITUTIVA" true true false 100 Text 0 0 ,First,#,Database Connections\WIZU32WG@GEODB-PUB.sde\WIZ_U32WG.VS_DBEXT_UTM_COM_EXT_CR,LEGGE_ISTITUTIVA,-1,-1;SHAPE_AREA "SHAPE_AREA" false false true 0 Double 0 0 ,First,#,Database Connections\WIZU32WG@GEODB-PUB.sde\WIZ_U32WG.VS_DBEXT_UTM_COM_EXT_CR,SHAPE.AREA,-1,-1;SHAPE_LEN "SHAPE_LEN" false false true 0 Double 0 0 ,First,#,Database Connections\WIZU32WG@GEODB-PUB.sde\WIZ_U32WG.VS_DBEXT_UTM_COM_EXT_CR,SHAPE.LEN,-1,-1" #</Process><Process ToolSource="c:\program files (x86)\arcgis\desktop10.2\ArcToolbox\Toolboxes\Data Management Tools.tbx\TruncateTable" Date="20180724" Time="120225">TruncateTable "Database Connections\WIZU32WG@GEODB-PUB.sde\WIZ_U32WG.VS_DBEXT_UTM_COM_EXT_CR"</Process><Process ToolSource="c:\program files (x86)\arcgis\desktop10.2\ArcToolbox\Toolboxes\Data Management Tools.tbx\Append" Date="20180724" Time="120234">Append 'C:\Users\Andrea Zanin\AppData\Roaming\ESRI\Desktop10.2\ArcCatalog\HUB_UTM@GEODB-GEST.sde\HUB_UTM.VS_DBEXT_UTM_COM_EXT_CR' "Database Connections\WIZU32WG@GEODB-PUB.sde\WIZ_U32WG.VS_DBEXT_UTM_COM_EXT_CR" NO_TEST "CLASSREF "CLASSREF" true false false 70 Text 0 0 ,First,#,Database Connections\WIZU32WG@GEODB-PUB.sde\WIZ_U32WG.VS_DBEXT_UTM_COM_EXT_CR,CLASSREF,-1,-1,C:\Users\Andrea Zanin\AppData\Roaming\ESRI\Desktop10.2\ArcCatalog\HUB_UTM@GEODB-GEST.sde\HUB_UTM.VS_DBEXT_UTM_COM_EXT_CR,CLASSREF,-1,-1;BELFIORE "BELFIORE" true false false 40 Text 0 0 ,First,#,Database Connections\WIZU32WG@GEODB-PUB.sde\WIZ_U32WG.VS_DBEXT_UTM_COM_EXT_CR,BELFIORE,-1,-1,C:\Users\Andrea Zanin\AppData\Roaming\ESRI\Desktop10.2\ArcCatalog\HUB_UTM@GEODB-GEST.sde\HUB_UTM.VS_DBEXT_UTM_COM_EXT_CR,BELFIORE,-1,-1;COD_ISTATN "COD_ISTATN" true false false 16 Text 0 0 ,First,#,Database Connections\WIZU32WG@GEODB-PUB.sde\WIZ_U32WG.VS_DBEXT_UTM_COM_EXT_CR,COD_ISTATN,-1,-1,C:\Users\Andrea Zanin\AppData\Roaming\ESRI\Desktop10.2\ArcCatalog\HUB_UTM@GEODB-GEST.sde\HUB_UTM.VS_DBEXT_UTM_COM_EXT_CR,COD_ISTATN,-1,-1;NOME_COM "NOME_COM" true false false 100 Text 0 0 ,First,#,Database Connections\WIZU32WG@GEODB-PUB.sde\WIZ_U32WG.VS_DBEXT_UTM_COM_EXT_CR,NOME_COM,-1,-1,C:\Users\Andrea Zanin\AppData\Roaming\ESRI\Desktop10.2\ArcCatalog\HUB_UTM@GEODB-GEST.sde\HUB_UTM.VS_DBEXT_UTM_COM_EXT_CR,NOME_COM,-1,-1;COD_PRO "COD_PRO" true true false 2 Short 0 5 ,First,#,Database Connections\WIZU32WG@GEODB-PUB.sde\WIZ_U32WG.VS_DBEXT_UTM_COM_EXT_CR,COD_PRO,-1,-1,C:\Users\Andrea Zanin\AppData\Roaming\ESRI\Desktop10.2\ArcCatalog\HUB_UTM@GEODB-GEST.sde\HUB_UTM.VS_DBEXT_UTM_COM_EXT_CR,COD_PRO,-1,-1;NOME_PRO "NOME_PRO" true true false 40 Text 0 0 ,First,#,Database Connections\WIZU32WG@GEODB-PUB.sde\WIZ_U32WG.VS_DBEXT_UTM_COM_EXT_CR,NOME_PRO,-1,-1,C:\Users\Andrea Zanin\AppData\Roaming\ESRI\Desktop10.2\ArcCatalog\HUB_UTM@GEODB-GEST.sde\HUB_UTM.VS_DBEXT_UTM_COM_EXT_CR,NOME_PRO,-1,-1;SIG_PRO "SIG_PRO" true true false 2 Text 0 0 ,First,#,Database Connections\WIZU32WG@GEODB-PUB.sde\WIZ_U32WG.VS_DBEXT_UTM_COM_EXT_CR,SIG_PRO,-1,-1,C:\Users\Andrea Zanin\AppData\Roaming\ESRI\Desktop10.2\ArcCatalog\HUB_UTM@GEODB-GEST.sde\HUB_UTM.VS_DBEXT_UTM_COM_EXT_CR,SIG_PRO,-1,-1;COD_CMO "COD_CMO" true false false 70 Text 0 0 ,First,#,Database Connections\WIZU32WG@GEODB-PUB.sde\WIZ_U32WG.VS_DBEXT_UTM_COM_EXT_CR,COD_CMO,-1,-1,C:\Users\Andrea Zanin\AppData\Roaming\ESRI\Desktop10.2\ArcCatalog\HUB_UTM@GEODB-GEST.sde\HUB_UTM.VS_DBEXT_UTM_COM_EXT_CR,COD_CMO,-1,-1;NOME_CMO "NOME_CMO" true true false 50 Text 0 0 ,First,#,Database Connections\WIZU32WG@GEODB-PUB.sde\WIZ_U32WG.VS_DBEXT_UTM_COM_EXT_CR,NOME_CMO,-1,-1,C:\Users\Andrea Zanin\AppData\Roaming\ESRI\Desktop10.2\ArcCatalog\HUB_UTM@GEODB-GEST.sde\HUB_UTM.VS_DBEXT_UTM_COM_EXT_CR,NOME_CMO,-1,-1;COD_ASL "COD_ASL" true true false 4 Long 0 5 ,First,#,Database Connections\WIZU32WG@GEODB-PUB.sde\WIZ_U32WG.VS_DBEXT_UTM_COM_EXT_CR,COD_ASL,-1,-1,C:\Users\Andrea Zanin\AppData\Roaming\ESRI\Desktop10.2\ArcCatalog\HUB_UTM@GEODB-GEST.sde\HUB_UTM.VS_DBEXT_UTM_COM_EXT_CR,COD_ASL,-1,-1;NOME_ASL "NOME_ASL" true true false 40 Text 0 0 ,First,#,Database Connections\WIZU32WG@GEODB-PUB.sde\WIZ_U32WG.VS_DBEXT_UTM_COM_EXT_CR,NOME_ASL,-1,-1,C:\Users\Andrea Zanin\AppData\Roaming\ESRI\Desktop10.2\ArcCatalog\HUB_UTM@GEODB-GEST.sde\HUB_UTM.VS_DBEXT_UTM_COM_EXT_CR,NOME_ASL,-1,-1;COD_REG "COD_REG" true true false 50 Text 0 0 ,First,#,Database Connections\WIZU32WG@GEODB-PUB.sde\WIZ_U32WG.VS_DBEXT_UTM_COM_EXT_CR,COD_REG,-1,-1,C:\Users\Andrea Zanin\AppData\Roaming\ESRI\Desktop10.2\ArcCatalog\HUB_UTM@GEODB-GEST.sde\HUB_UTM.VS_DBEXT_UTM_COM_EXT_CR,COD_REG,-1,-1;NOME_REG "NOME_REG" true true false 40 Text 0 0 ,First,#,Database Connections\WIZU32WG@GEODB-PUB.sde\WIZ_U32WG.VS_DBEXT_UTM_COM_EXT_CR,NOME_REG,-1,-1,C:\Users\Andrea Zanin\AppData\Roaming\ESRI\Desktop10.2\ArcCatalog\HUB_UTM@GEODB-GEST.sde\HUB_UTM.VS_DBEXT_UTM_COM_EXT_CR,NOME_REG,-1,-1;ANNO "ANNO" true true false 2 Short 0 4 ,First,#,Database Connections\WIZU32WG@GEODB-PUB.sde\WIZ_U32WG.VS_DBEXT_UTM_COM_EXT_CR,ANNO,-1,-1,C:\Users\Andrea Zanin\AppData\Roaming\ESRI\Desktop10.2\ArcCatalog\HUB_UTM@GEODB-GEST.sde\HUB_UTM.VS_DBEXT_UTM_COM_EXT_CR,ANNO,-1,-1;ISTAT "ISTAT" true true false 4 Long 0 10 ,First,#,Database Connections\WIZU32WG@GEODB-PUB.sde\WIZ_U32WG.VS_DBEXT_UTM_COM_EXT_CR,ISTAT,-1,-1,C:\Users\Andrea Zanin\AppData\Roaming\ESRI\Desktop10.2\ArcCatalog\HUB_UTM@GEODB-GEST.sde\HUB_UTM.VS_DBEXT_UTM_COM_EXT_CR,ISTAT,-1,-1;LEGGE_ISTITUTIVA "LEGGE_ISTITUTIVA" true true false 100 Text 0 0 ,First,#,Database Connections\WIZU32WG@GEODB-PUB.sde\WIZ_U32WG.VS_DBEXT_UTM_COM_EXT_CR,LEGGE_ISTITUTIVA,-1,-1;SHAPE_AREA "SHAPE_AREA" false false true 0 Double 0 0 ,First,#,Database Connections\WIZU32WG@GEODB-PUB.sde\WIZ_U32WG.VS_DBEXT_UTM_COM_EXT_CR,SHAPE.AREA,-1,-1;SHAPE_LEN "SHAPE_LEN" false false true 0 Double 0 0 ,First,#,Database Connections\WIZU32WG@GEODB-PUB.sde\WIZ_U32WG.VS_DBEXT_UTM_COM_EXT_CR,SHAPE.LEN,-1,-1" #</Process><Process ToolSource="c:\program files (x86)\arcgis\desktop10.4\ArcToolbox\Toolboxes\Data Management Tools.tbx\TruncateTable" Date="20181130" Time="120328">TruncateTable C:\\Users\\agsadmin10\\AppData\\Roaming\\ESRI\\Desktop10.4\\ArcCatalog\\WIZ_U32WG@GEODB-PUB.sde\WIZ_U32WG.VS_DBEXT_UTM_COM_EXT_CR</Process><Process ToolSource="c:\program files (x86)\arcgis\desktop10.4\ArcToolbox\Toolboxes\Data Management Tools.tbx\Append" Date="20181130" Time="120339">Append C:\\Users\\agsadmin10\\AppData\\Roaming\\ESRI\\Desktop10.4\\ArcCatalog\\HUB_UTM@GEODB-GEST.sde\\HUB_UTM.VS_DBEXT_UTM_COM_EXT_CR C:\\Users\\agsadmin10\\AppData\\Roaming\\ESRI\\Desktop10.4\\ArcCatalog\\WIZ_U32WG@GEODB-PUB.sde\WIZ_U32WG.VS_DBEXT_UTM_COM_EXT_CR NO_TEST "CLASSREF "CLASSREF" true false false 70 Text 0 0 ,First,#,C:\\Users\\agsadmin10\\AppData\\Roaming\\ESRI\\Desktop10.4\\ArcCatalog\\WIZ_U32WG@GEODB-PUB.sde\WIZ_U32WG.VS_DBEXT_UTM_COM_EXT_CR,CLASSREF,-1,-1,C:\\Users\\agsadmin10\\AppData\\Roaming\\ESRI\\Desktop10.4\\ArcCatalog\\HUB_UTM@GEODB-GEST.sde\\HUB_UTM.VS_DBEXT_UTM_COM_EXT_CR,CLASSREF,-1,-1;BELFIORE "BELFIORE" true false false 40 Text 0 0 ,First,#,C:\\Users\\agsadmin10\\AppData\\Roaming\\ESRI\\Desktop10.4\\ArcCatalog\\WIZ_U32WG@GEODB-PUB.sde\WIZ_U32WG.VS_DBEXT_UTM_COM_EXT_CR,BELFIORE,-1,-1,C:\\Users\\agsadmin10\\AppData\\Roaming\\ESRI\\Desktop10.4\\ArcCatalog\\HUB_UTM@GEODB-GEST.sde\\HUB_UTM.VS_DBEXT_UTM_COM_EXT_CR,BELFIORE,-1,-1;COD_ISTATN "COD_ISTATN" true false false 16 Text 0 0 ,First,#,C:\\Users\\agsadmin10\\AppData\\Roaming\\ESRI\\Desktop10.4\\ArcCatalog\\WIZ_U32WG@GEODB-PUB.sde\WIZ_U32WG.VS_DBEXT_UTM_COM_EXT_CR,COD_ISTATN,-1,-1,C:\\Users\\agsadmin10\\AppData\\Roaming\\ESRI\\Desktop10.4\\ArcCatalog\\HUB_UTM@GEODB-GEST.sde\\HUB_UTM.VS_DBEXT_UTM_COM_EXT_CR,COD_ISTATN,-1,-1;NOME_COM "NOME_COM" true false false 100 Text 0 0 ,First,#,C:\\Users\\agsadmin10\\AppData\\Roaming\\ESRI\\Desktop10.4\\ArcCatalog\\WIZ_U32WG@GEODB-PUB.sde\WIZ_U32WG.VS_DBEXT_UTM_COM_EXT_CR,NOME_COM,-1,-1,C:\\Users\\agsadmin10\\AppData\\Roaming\\ESRI\\Desktop10.4\\ArcCatalog\\HUB_UTM@GEODB-GEST.sde\\HUB_UTM.VS_DBEXT_UTM_COM_EXT_CR,NOME_COM,-1,-1;COD_PRO "COD_PRO" true true false 2 Short 0 5 ,First,#,C:\\Users\\agsadmin10\\AppData\\Roaming\\ESRI\\Desktop10.4\\ArcCatalog\\WIZ_U32WG@GEODB-PUB.sde\WIZ_U32WG.VS_DBEXT_UTM_COM_EXT_CR,COD_PRO,-1,-1,C:\\Users\\agsadmin10\\AppData\\Roaming\\ESRI\\Desktop10.4\\ArcCatalog\\HUB_UTM@GEODB-GEST.sde\\HUB_UTM.VS_DBEXT_UTM_COM_EXT_CR,COD_PRO,-1,-1;NOME_PRO "NOME_PRO" true true false 40 Text 0 0 ,First,#,C:\\Users\\agsadmin10\\AppData\\Roaming\\ESRI\\Desktop10.4\\ArcCatalog\\WIZ_U32WG@GEODB-PUB.sde\WIZ_U32WG.VS_DBEXT_UTM_COM_EXT_CR,NOME_PRO,-1,-1,C:\\Users\\agsadmin10\\AppData\\Roaming\\ESRI\\Desktop10.4\\ArcCatalog\\HUB_UTM@GEODB-GEST.sde\\HUB_UTM.VS_DBEXT_UTM_COM_EXT_CR,NOME_PRO,-1,-1;SIG_PRO "SIG_PRO" true true false 2 Text 0 0 ,First,#,C:\\Users\\agsadmin10\\AppData\\Roaming\\ESRI\\Desktop10.4\\ArcCatalog\\WIZ_U32WG@GEODB-PUB.sde\WIZ_U32WG.VS_DBEXT_UTM_COM_EXT_CR,SIG_PRO,-1,-1,C:\\Users\\agsadmin10\\AppData\\Roaming\\ESRI\\Desktop10.4\\ArcCatalog\\HUB_UTM@GEODB-GEST.sde\\HUB_UTM.VS_DBEXT_UTM_COM_EXT_CR,SIG_PRO,-1,-1;COD_CMO "COD_CMO" true false false 70 Text 0 0 ,First,#,C:\\Users\\agsadmin10\\AppData\\Roaming\\ESRI\\Desktop10.4\\ArcCatalog\\WIZ_U32WG@GEODB-PUB.sde\WIZ_U32WG.VS_DBEXT_UTM_COM_EXT_CR,COD_CMO,-1,-1,C:\\Users\\agsadmin10\\AppData\\Roaming\\ESRI\\Desktop10.4\\ArcCatalog\\HUB_UTM@GEODB-GEST.sde\\HUB_UTM.VS_DBEXT_UTM_COM_EXT_CR,COD_CMO,-1,-1;NOME_CMO "NOME_CMO" true true false 50 Text 0 0 ,First,#,C:\\Users\\agsadmin10\\AppData\\Roaming\\ESRI\\Desktop10.4\\ArcCatalog\\WIZ_U32WG@GEODB-PUB.sde\WIZ_U32WG.VS_DBEXT_UTM_COM_EXT_CR,NOME_CMO,-1,-1,C:\\Users\\agsadmin10\\AppData\\Roaming\\ESRI\\Desktop10.4\\ArcCatalog\\HUB_UTM@GEODB-GEST.sde\\HUB_UTM.VS_DBEXT_UTM_COM_EXT_CR,NOME_CMO,-1,-1;COD_ASL "COD_ASL" true true false 4 Long 0 5 ,First,#,C:\\Users\\agsadmin10\\AppData\\Roaming\\ESRI\\Desktop10.4\\ArcCatalog\\WIZ_U32WG@GEODB-PUB.sde\WIZ_U32WG.VS_DBEXT_UTM_COM_EXT_CR,COD_ASL,-1,-1,C:\\Users\\agsadmin10\\AppData\\Roaming\\ESRI\\Desktop10.4\\ArcCatalog\\HUB_UTM@GEODB-GEST.sde\\HUB_UTM.VS_DBEXT_UTM_COM_EXT_CR,COD_ASL,-1,-1;NOME_ASL "NOME_ASL" true true false 40 Text 0 0 ,First,#,C:\\Users\\agsadmin10\\AppData\\Roaming\\ESRI\\Desktop10.4\\ArcCatalog\\WIZ_U32WG@GEODB-PUB.sde\WIZ_U32WG.VS_DBEXT_UTM_COM_EXT_CR,NOME_ASL,-1,-1,C:\\Users\\agsadmin10\\AppData\\Roaming\\ESRI\\Desktop10.4\\ArcCatalog\\HUB_UTM@GEODB-GEST.sde\\HUB_UTM.VS_DBEXT_UTM_COM_EXT_CR,NOME_ASL,-1,-1;COD_REG "COD_REG" true true false 50 Text 0 0 ,First,#,C:\\Users\\agsadmin10\\AppData\\Roaming\\ESRI\\Desktop10.4\\ArcCatalog\\WIZ_U32WG@GEODB-PUB.sde\WIZ_U32WG.VS_DBEXT_UTM_COM_EXT_CR,COD_REG,-1,-1,C:\\Users\\agsadmin10\\AppData\\Roaming\\ESRI\\Desktop10.4\\ArcCatalog\\HUB_UTM@GEODB-GEST.sde\\HUB_UTM.VS_DBEXT_UTM_COM_EXT_CR,COD_REG,-1,-1;NOME_REG "NOME_REG" true true false 40 Text 0 0 ,First,#,C:\\Users\\agsadmin10\\AppData\\Roaming\\ESRI\\Desktop10.4\\ArcCatalog\\WIZ_U32WG@GEODB-PUB.sde\WIZ_U32WG.VS_DBEXT_UTM_COM_EXT_CR,NOME_REG,-1,-1,C:\\Users\\agsadmin10\\AppData\\Roaming\\ESRI\\Desktop10.4\\ArcCatalog\\HUB_UTM@GEODB-GEST.sde\\HUB_UTM.VS_DBEXT_UTM_COM_EXT_CR,NOME_REG,-1,-1;ANNO "ANNO" true true false 2 Short 0 4 ,First,#,C:\\Users\\agsadmin10\\AppData\\Roaming\\ESRI\\Desktop10.4\\ArcCatalog\\WIZ_U32WG@GEODB-PUB.sde\WIZ_U32WG.VS_DBEXT_UTM_COM_EXT_CR,ANNO,-1,-1,C:\\Users\\agsadmin10\\AppData\\Roaming\\ESRI\\Desktop10.4\\ArcCatalog\\HUB_UTM@GEODB-GEST.sde\\HUB_UTM.VS_DBEXT_UTM_COM_EXT_CR,ANNO,-1,-1;ISTAT "ISTAT" true true false 4 Long 0 10 ,First,#,C:\\Users\\agsadmin10\\AppData\\Roaming\\ESRI\\Desktop10.4\\ArcCatalog\\WIZ_U32WG@GEODB-PUB.sde\WIZ_U32WG.VS_DBEXT_UTM_COM_EXT_CR,ISTAT,-1,-1,C:\\Users\\agsadmin10\\AppData\\Roaming\\ESRI\\Desktop10.4\\ArcCatalog\\HUB_UTM@GEODB-GEST.sde\\HUB_UTM.VS_DBEXT_UTM_COM_EXT_CR,ISTAT,-1,-1;LEGGE_ISTITUTIVA "LEGGE_ISTITUTIVA" true true false 100 Text 0 0 ,First,#,C:\\Users\\agsadmin10\\AppData\\Roaming\\ESRI\\Desktop10.4\\ArcCatalog\\WIZ_U32WG@GEODB-PUB.sde\WIZ_U32WG.VS_DBEXT_UTM_COM_EXT_CR,LEGGE_ISTITUTIVA,-1,-1;SHAPE_AREA "SHAPE_AREA" false false true 0 Double 0 0 ,First,#,C:\\Users\\agsadmin10\\AppData\\Roaming\\ESRI\\Desktop10.4\\ArcCatalog\\WIZ_U32WG@GEODB-PUB.sde\WIZ_U32WG.VS_DBEXT_UTM_COM_EXT_CR,SHAPE.AREA,-1,-1;SHAPE_LEN "SHAPE_LEN" false false true 0 Double 0 0 ,First,#,C:\\Users\\agsadmin10\\AppData\\Roaming\\ESRI\\Desktop10.4\\ArcCatalog\\WIZ_U32WG@GEODB-PUB.sde\WIZ_U32WG.VS_DBEXT_UTM_COM_EXT_CR,SHAPE.LEN,-1,-1" #</Process><Process ToolSource="c:\program files (x86)\arcgis\desktop10.4\ArcToolbox\Toolboxes\Data Management Tools.tbx\CopyFeatures" Date="20190124" Time="124139">CopyFeatures C:\\Users\\agsadmin10\\AppData\\Roaming\\ESRI\\Desktop10.4\\ArcCatalog\\WIZ_U32WG@GEODB-PUB.sde\WIZ_U32WG.VS_DBEXT_UTM_COM_EXT_CR C:\\Users\\agsadmin10\\AppData\\Roaming\\ESRI\\Desktop10.4\\ArcCatalog\\WIZ_U32WG@GEODB-PUB.sde\WIZ_U32WG.VS_DBEXT_UTM_COM_EXT_2018_8 ST_GEOMETRY 0 0 0</Process><Process ToolSource="c:\program files (x86)\arcgis\desktop10.4\ArcToolbox\Toolboxes\Data Management Tools.tbx\ChangePrivileges" Date="20190214" Time="120217">ChangePrivileges 'Database Connections\GEODB-PUB@WIZ_U32WG.sde\WIZ_U32WG.VS_DBEXT_UTM_CM_MON_2018_8';'Database Connections\GEODB-PUB@WIZ_U32WG.sde\WIZ_U32WG.VS_DBEXT_UTM_COM_EXT_2018_8';'Database Connections\GEODB-PUB@WIZ_U32WG.sde\WIZ_U32WG.VS_DBEXT_UTM_LIM_AMM_2018_8';'Database Connections\GEODB-PUB@WIZ_U32WG.sde\WIZ_U32WG.VS_DBEXT_UTM_PROV_2018_8';'Database Connections\GEODB-PUB@WIZ_U32WG.sde\WIZ_U32WG.VS_DBEXT_UTM_REG_2018_8' wsrlregisdownload GRANT #</Process></lineage><itemProps><itemName Sync="TRUE">WIZ_U32WG_VS_DBEXT_UTM_COM_EXT_2018_8</itemName><imsContentType Sync="TRUE">002</imsContentType><itemLocation><linkage Sync="TRUE">file://\\MAPHA\C$\Users\agsadmin10.ADLISPA\AppData\Local\Temp\rlregisextract\rlregisextract_gpserver\jd83ae169217d45d2b15cdaa9d6989cfd\scratch\zipfolder\WIZ_U32WG_VS_DBEXT_UTM_COM_EXT_2018_8.shp</linkage><protocol Sync="TRUE">Local Area Network</protocol></itemLocation><itemSize Sync="TRUE">0.000</itemSize></itemProps><coordRef><type Sync="TRUE">Projected</type><geogcsn Sync="TRUE">GCS_WGS_1984</geogcsn><csUnits Sync="TRUE">Linear Unit: Meter (1.000000)</csUnits><projcsn Sync="TRUE">WGS_1984_UTM_Zone_32N</projcsn><peXml Sync="TRUE">&lt;ProjectedCoordinateSystem xsi:type='typens:ProjectedCoordinateSystem' xmlns:xsi='http://www.w3.org/2001/XMLSchema-instance' xmlns:xs='http://www.w3.org/2001/XMLSchema' xmlns:typens='http://www.esri.com/schemas/ArcGIS/10.4'&gt;&lt;WKT&gt;PROJCS[&amp;quot;WGS_1984_UTM_Zone_32N&amp;quot;,GEOGCS[&amp;quot;GCS_WGS_1984&amp;quot;,DATUM[&amp;quot;D_WGS_1984&amp;quot;,SPHEROID[&amp;quot;WGS_1984&amp;quot;,6378137.0,298.257223563]],PRIMEM[&amp;quot;Greenwich&amp;quot;,0.0],UNIT[&amp;quot;Degree&amp;quot;,0.0174532925199433]],PROJECTION[&amp;quot;Transverse_Mercator&amp;quot;],PARAMETER[&amp;quot;False_Easting&amp;quot;,500000.0],PARAMETER[&amp;quot;False_Northing&amp;quot;,0.0],PARAMETER[&amp;quot;Central_Meridian&amp;quot;,9.0],PARAMETER[&amp;quot;Scale_Factor&amp;quot;,0.9996],PARAMETER[&amp;quot;Latitude_Of_Origin&amp;quot;,0.0],UNIT[&amp;quot;Meter&amp;quot;,1.0],AUTHORITY[&amp;quot;EPSG&amp;quot;,32632]]&lt;/WKT&gt;&lt;XOrigin&gt;-5120900&lt;/XOrigin&gt;&lt;YOrigin&gt;-9998100&lt;/YOrigin&gt;&lt;XYScale&gt;450445547.3910538&lt;/XYScale&gt;&lt;ZOrigin&gt;-100000&lt;/ZOrigin&gt;&lt;ZScale&gt;10000&lt;/ZScale&gt;&lt;MOrigin&gt;-100000&lt;/MOrigin&gt;&lt;MScale&gt;10000&lt;/MScale&gt;&lt;XYTolerance&gt;0.001&lt;/XYTolerance&gt;&lt;ZTolerance&gt;0.001&lt;/ZTolerance&gt;&lt;MTolerance&gt;0.001&lt;/MTolerance&gt;&lt;HighPrecision&gt;true&lt;/HighPrecision&gt;&lt;WKID&gt;32632&lt;/WKID&gt;&lt;LatestWKID&gt;32632&lt;/LatestWKID&gt;&lt;/ProjectedCoordinateSystem&gt;</peXml></coordRef></DataProperties><SyncDate>20200407</SyncDate><SyncTime>16353500</SyncTime><ModDate>20200407</ModDate><ModTime>16353500</ModTime></Esri><dataIdInfo><envirDesc Sync="TRUE">Microsoft Windows Server 2008 R2 Version 6.1 (Build 7601) Service Pack 1; Esri ArcGIS 10.4.1.5686</envirDesc><dataLang><languageCode value="ita" Sync="TRUE"></languageCode><countryCode value="ITA" Sync="TRUE"></countryCode></dataLang><idCitation><resTitle Sync="TRUE">WIZ_U32WG_VS_DBEXT_UTM_COM_EXT_2018_8</resTitle><presForm><PresFormCd value="005" Sync="TRUE"></PresFormCd></presForm></idCitation><spatRpType><SpatRepTypCd value="001" Sync="TRUE"></SpatRepTypCd></spatRpType></dataIdInfo><mdLang><languageCode value="ita" Sync="TRUE"></languageCode><countryCode value="ITA" Sync="TRUE"></countryCode></mdLang><mdChar><CharSetCd value="004" Sync="TRUE"></CharSetCd></mdChar><distInfo><distFormat><formatName Sync="TRUE">Shapefile</formatName></distFormat><distTranOps><transSize Sync="TRUE">0.000</transSize></distTranOps></distInfo><mdHrLv><ScopeCd value="005" Sync="TRUE"></ScopeCd></mdHrLv><mdHrLvName Sync="TRUE">dataset</mdHrLvName><refSysInfo><RefSystem><refSysID><identCode code="32632" Sync="TRUE"></identCode><idCodeSpace Sync="TRUE">EPSG</idCodeSpace><idVersion Sync="TRUE">2.1(3.0.1)</idVersion></refSysID></RefSystem></refSysInfo><spatRepInfo><VectSpatRep><geometObjs Name="WIZ_U32WG_VS_DBEXT_UTM_COM_EXT_2018_8"><geoObjTyp><GeoObjTypCd value="002" Sync="TRUE"></GeoObjTypCd></geoObjTyp><geoObjCnt Sync="TRUE">0</geoObjCnt></geometObjs><topLvl><TopoLevCd value="001" Sync="TRUE"></TopoLevCd></topLvl></VectSpatRep></spatRepInfo><spdoinfo><ptvctinf><esriterm Name="WIZ_U32WG_VS_DBEXT_UTM_COM_EXT_2018_8"><efeatyp Sync="TRUE">Simple</efeatyp><efeageom code="4" Sync="TRUE"></efeageom><esritopo Sync="TRUE">FALSE</esritopo><efeacnt Sync="TRUE">0</efeacnt><spindex Sync="TRUE">FALSE</spindex><linrefer Sync="TRUE">FALSE</linrefer></esriterm></ptvctinf></spdoinfo><eainfo><detailed Name="WIZ_U32WG_VS_DBEXT_UTM_COM_EXT_2018_8"><enttyp><enttypl Sync="TRUE">WIZ_U32WG_VS_DBEXT_UTM_COM_EXT_2018_8</enttypl><enttypt Sync="TRUE">Feature Class</enttypt><enttypc Sync="TRUE">0</enttypc></enttyp><attr><attrlabl Sync="TRUE">FID</attrlabl><attalias Sync="TRUE">FID</attalias><attrtype Sync="TRUE">OID</attrtype><attwidth Sync="TRUE">4</attwidth><atprecis Sync="TRUE">0</atprecis><attscale Sync="TRUE">0</attscale><attrdef Sync="TRUE">Internal feature number.</attrdef><attrdefs Sync="TRUE">Esri</attrdefs><attrdomv><udom Sync="TRUE">Sequential unique whole numbers that are automatically generated.</udom></attrdomv></attr><attr><attrlabl Sync="TRUE">CLASSREF</attrlabl><attalias Sync="TRUE">CLASSREF</attalias><attrtype Sync="TRUE">String</attrtype><attwidth Sync="TRUE">70</attwidth><atprecis Sync="TRUE">0</atprecis><attscale Sync="TRUE">0</attscale></attr><attr><attrlabl Sync="TRUE">BELFIORE</attrlabl><attalias Sync="TRUE">BELFIORE</attalias><attrtype Sync="TRUE">String</attrtype><attwidth Sync="TRUE">40</attwidth><atprecis Sync="TRUE">0</atprecis><attscale Sync="TRUE">0</attscale></attr><attr><attrlabl Sync="TRUE">COD_ISTATN</attrlabl><attalias Sync="TRUE">COD_ISTATN</attalias><attrtype Sync="TRUE">String</attrtype><attwidth Sync="TRUE">16</attwidth><atprecis Sync="TRUE">0</atprecis><attscale Sync="TRUE">0</attscale></attr><attr><attrlabl Sync="TRUE">NOME_COM</attrlabl><attalias Sync="TRUE">NOME_COM</attalias><attrtype Sync="TRUE">String</attrtype><attwidth Sync="TRUE">100</attwidth><atprecis Sync="TRUE">0</atprecis><attscale Sync="TRUE">0</attscale></attr><attr><attrlabl Sync="TRUE">COD_PRO</attrlabl><attalias Sync="TRUE">COD_PRO</attalias><attrtype Sync="TRUE">Integer</attrtype><attwidth Sync="TRUE">5</attwidth><atprecis Sync="TRUE">5</atprecis><attscale Sync="TRUE">0</attscale></attr><attr><attrlabl Sync="TRUE">NOME_PRO</attrlabl><attalias Sync="TRUE">NOME_PRO</attalias><attrtype Sync="TRUE">String</attrtype><attwidth Sync="TRUE">40</attwidth><atprecis Sync="TRUE">0</atprecis><attscale Sync="TRUE">0</attscale></attr><attr><attrlabl Sync="TRUE">SIG_PRO</attrlabl><attalias Sync="TRUE">SIG_PRO</attalias><attrtype Sync="TRUE">String</attrtype><attwidth Sync="TRUE">2</attwidth><atprecis Sync="TRUE">0</atprecis><attscale Sync="TRUE">0</attscale></attr><attr><attrlabl Sync="TRUE">COD_CMO</attrlabl><attalias Sync="TRUE">COD_CMO</attalias><attrtype Sync="TRUE">String</attrtype><attwidth Sync="TRUE">70</attwidth><atprecis Sync="TRUE">0</atprecis><attscale Sync="TRUE">0</attscale></attr><attr><attrlabl Sync="TRUE">NOME_CMO</attrlabl><attalias Sync="TRUE">NOME_CMO</attalias><attrtype Sync="TRUE">String</attrtype><attwidth Sync="TRUE">50</attwidth><atprecis Sync="TRUE">0</atprecis><attscale Sync="TRUE">0</attscale></attr><attr><attrlabl Sync="TRUE">COD_ASL</attrlabl><attalias Sync="TRUE">COD_ASL</attalias><attrtype Sync="TRUE">Integer</attrtype><attwidth Sync="TRUE">10</attwidth><atprecis Sync="TRUE">10</atprecis><attscale Sync="TRUE">0</attscale></attr><attr><attrlabl Sync="TRUE">NOME_ASL</attrlabl><attalias Sync="TRUE">NOME_ASL</attalias><attrtype Sync="TRUE">String</attrtype><attwidth Sync="TRUE">40</attwidth><atprecis Sync="TRUE">0</atprecis><attscale Sync="TRUE">0</attscale></attr><attr><attrlabl Sync="TRUE">COD_REG</attrlabl><attalias Sync="TRUE">COD_REG</attalias><attrtype Sync="TRUE">String</attrtype><attwidth Sync="TRUE">50</attwidth><atprecis Sync="TRUE">0</atprecis><attscale Sync="TRUE">0</attscale></attr><attr><attrlabl Sync="TRUE">NOME_REG</attrlabl><attalias Sync="TRUE">NOME_REG</attalias><attrtype Sync="TRUE">String</attrtype><attwidth Sync="TRUE">40</attwidth><atprecis Sync="TRUE">0</atprecis><attscale Sync="TRUE">0</attscale></attr><attr><attrlabl Sync="TRUE">ANNO</attrlabl><attalias Sync="TRUE">ANNO</attalias><attrtype Sync="TRUE">Integer</attrtype><attwidth Sync="TRUE">5</attwidth><atprecis Sync="TRUE">5</atprecis><attscale Sync="TRUE">0</attscale></attr><attr><attrlabl Sync="TRUE">ISTAT</attrlabl><attalias Sync="TRUE">ISTAT</attalias><attrtype Sync="TRUE">Integer</attrtype><attwidth Sync="TRUE">10</attwidth><atprecis Sync="TRUE">10</atprecis><attscale Sync="TRUE">0</attscale></attr><attr><attrlabl Sync="TRUE">SHAPE</attrlabl><attalias Sync="TRUE">Shape</attalias><attrtype Sync="TRUE">Geometry</attrtype><attwidth Sync="TRUE">0</attwidth><atprecis Sync="TRUE">0</atprecis><attscale Sync="TRUE">0</attscale><attrdef Sync="TRUE">Feature geometry.</attrdef><attrdefs Sync="TRUE">Esri</attrdefs><attrdomv><udom Sync="TRUE">Coordinates defining the features.</udom></attrdomv></attr><attr><attrlabl Sync="TRUE">LEGGE_ISTI</attrlabl><attalias Sync="TRUE">LEGGE_ISTI</attalias><attrtype Sync="TRUE">String</attrtype><attwidth Sync="TRUE">150</attwidth><atprecis Sync="TRUE">0</atprecis><attscale Sync="TRUE">0</attscale></attr><attr><attrlabl Sync="TRUE">SHAPE_AREA</attrlabl><attalias Sync="TRUE">SHAPE_AREA</attalias><attrtype Sync="TRUE">Double</attrtype><attwidth Sync="TRUE">19</attwidth><atprecis Sync="TRUE">0</atprecis><attscale Sync="TRUE">0</attscale><attrdef Sync="TRUE">Area of feature in internal units squared.</attrdef><attrdefs Sync="TRUE">Esri</attrdefs><attrdomv><udom Sync="TRUE">Positive real numbers that are automatically generated.</udom></attrdomv></attr><attr><attrlabl Sync="TRUE">SHAPE_LEN</attrlabl><attalias Sync="TRUE">SHAPE_LEN</attalias><attrtype Sync="TRUE">Double</attrtype><attwidth Sync="TRUE">19</attwidth><atprecis Sync="TRUE">0</atprecis><attscale Sync="TRUE">0</attscale></attr></detailed></eainfo><mdDateSt Sync="TRUE">20200407</mdDateSt></metadata>
